dream_time,sky_iqr,zp_time,zero_point_median,filter
2025-07-05 21:30:00-04:00,0.030687563121318817,,,
2025-07-05 21:35:00-04:00,0.021475929766893387,,,
2025-07-05 21:40:00-04:00,0.06949133425951004,,,
2025-07-05 21:45:00-04:00,0.0200579185038805,,,
2025-07-05 21:50:00-04:00,0.020425302907824516,,,
2025-07-05 21:55:00-04:00,0.021038103848695755,,,
2025-07-05 22:00:00-04:00,0.02149162068963051,,,
2025-07-05 22:05:00-04:00,0.02119576744735241,,,
2025-07-05 22:10:00-04:00,0.02000635862350464,,,
2025-07-05 22:15:00-04:00,0.01926983706653118,,,
2025-07-05 22:45:00-04:00,0.02128620445728302,,,
2025-07-05 22:50:00-04:00,0.022135838866233826,,,
2025-07-05 23:25:00-04:00,0.03143169730901718,,,
2025-07-05 23:30:00-04:00,0.022289253771305084,,,
2025-07-06 00:35:00-04:00,0.0315668061375618,,,
2025-07-06 00:40:00-04:00,0.023899294435977936,,,
2025-07-06 01:10:00-04:00,0.025358520448207855,,,
2025-07-06 01:15:00-04:00,0.020800486207008362,,,
2025-07-06 01:20:00-04:00,0.01982394978404045,,,
2025-07-06 01:55:00-04:00,0.04915871471166611,,,
2025-07-06 02:00:00-04:00,0.024315061047673225,,,
2025-07-06 02:05:00-04:00,0.01880362629890442,,,
2025-07-06 02:10:00-04:00,0.020190922543406487,,,
2025-07-06 02:45:00-04:00,0.06298121064901352,,,
2025-07-06 02:50:00-04:00,0.06335625052452087,,,
2025-07-06 02:55:00-04:00,0.020629197359085083,,,
2025-07-06 03:00:00-04:00,0.01999557949602604,,,
2025-07-06 03:05:00-04:00,0.01943836361169815,,,
2025-07-06 03:10:00-04:00,0.018163416534662247,,,
2025-07-06 03:15:00-04:00,0.017233556136488914,,,
2025-07-06 03:20:00-04:00,0.01707339845597744,,,
2025-07-06 03:25:00-04:00,0.01626044511795044,,,
2025-07-06 03:30:00-04:00,0.016326723620295525,,,
2025-07-06 03:35:00-04:00,0.016305657103657722,,,
2025-07-06 03:40:00-04:00,0.016179686412215233,,,
2025-07-06 04:15:00-04:00,0.02011178806424141,,,
2025-07-06 04:20:00-04:00,0.015354529023170471,,,
2025-07-06 04:25:00-04:00,0.014065446332097054,,,
2025-07-06 05:00:00-04:00,0.06302047520875931,,,
2025-07-06 05:05:00-04:00,0.01769399270415306,,,
2025-07-06 05:10:00-04:00,0.017902575433254242,,,
2025-07-06 05:15:00-04:00,0.014020590111613274,,,
2025-07-06 05:20:00-04:00,0.013162925839424133,,,
2025-07-06 05:25:00-04:00,0.013554994948208332,,,
2025-07-06 05:30:00-04:00,0.01430237665772438,,,
2025-07-06 05:35:00-04:00,0.014595518819987774,,,
2025-07-06 05:40:00-04:00,0.016394613310694695,,,
2025-07-06 05:45:00-04:00,0.017775699496269226,,,
2025-07-06 05:50:00-04:00,0.02211679145693779,,,
2025-07-06 05:55:00-04:00,0.028344713151454926,,,
2025-07-06 20:00:00-04:00,0.019875217229127884,,,
2025-07-06 20:05:00-04:00,0.019995737820863724,,,
2025-07-06 20:10:00-04:00,0.019789669662714005,,,
2025-07-06 20:15:00-04:00,0.01965910568833351,,,
2025-07-06 20:20:00-04:00,0.01930435560643673,,,
2025-07-06 20:25:00-04:00,0.019769785925745964,,,
2025-07-06 20:30:00-04:00,0.021792788058519363,,,
2025-07-06 20:35:00-04:00,0.019665950909256935,,,
2025-07-06 20:40:00-04:00,0.020226936787366867,,,
2025-07-06 20:45:00-04:00,0.01956150121986866,,,
2025-07-06 20:50:00-04:00,0.018627788871526718,,,
2025-07-06 20:55:00-04:00,0.01970430091023445,,,
2025-07-06 21:00:00-04:00,0.019776707515120506,,,
2025-07-06 21:05:00-04:00,0.019552716985344887,,,
2025-07-06 21:10:00-04:00,0.02098613791167736,,,
2025-07-06 21:15:00-04:00,0.019569754600524902,,,
2025-07-06 21:20:00-04:00,0.019699152559041977,,,
2025-07-06 21:25:00-04:00,0.020138129591941833,,,
2025-07-06 21:30:00-04:00,0.018587876111268997,,,
2025-07-06 21:35:00-04:00,0.019603688269853592,,,
2025-07-06 21:40:00-04:00,0.019452853128314018,,,
2025-07-06 21:45:00-04:00,0.020163314417004585,,,
2025-07-06 21:50:00-04:00,0.019792743027210236,,,
2025-07-06 21:55:00-04:00,0.019807327538728714,,,
2025-07-06 22:00:00-04:00,0.020732630044221878,,,
2025-07-06 22:05:00-04:00,0.01936124637722969,,,
2025-07-06 22:10:00-04:00,0.02058231271803379,,,
2025-07-06 22:15:00-04:00,0.020698530599474907,,,
2025-07-06 22:20:00-04:00,0.02020251750946045,,,
2025-07-06 22:25:00-04:00,0.020893404260277748,,,
2025-07-06 22:30:00-04:00,0.02041110210120678,,,
2025-07-06 22:35:00-04:00,0.020937636494636536,,,
2025-07-06 22:40:00-04:00,0.02152710221707821,,,
2025-07-06 22:45:00-04:00,0.021074499934911728,,,
2025-07-06 22:50:00-04:00,0.022023841738700867,,,
2025-07-06 22:55:00-04:00,0.021502576768398285,,,
2025-07-06 23:00:00-04:00,0.022112352773547173,,,
2025-07-06 23:05:00-04:00,0.021502044051885605,,,
2025-07-06 23:10:00-04:00,0.022261764854192734,,,
2025-07-06 23:15:00-04:00,0.022104142233729362,,,
2025-07-06 23:20:00-04:00,0.022079506888985634,,,
2025-07-06 23:25:00-04:00,0.022684695199131966,,,
2025-07-06 23:30:00-04:00,0.020628545433282852,,,
2025-07-06 23:35:00-04:00,0.02199200913310051,,,
2025-07-06 23:40:00-04:00,0.021064497530460358,,,
2025-07-06 23:45:00-04:00,0.022171804681420326,,,
2025-07-06 23:50:00-04:00,0.021915443241596222,,,
2025-07-06 23:55:00-04:00,0.021150697022676468,,,
2025-07-07 00:00:00-04:00,0.02116229012608528,,,
2025-07-07 00:05:00-04:00,0.02137271873652935,,,
2025-07-07 00:10:00-04:00,0.02216724492609501,,,
2025-07-07 00:15:00-04:00,0.020872555673122406,,,
2025-07-07 00:20:00-04:00,0.021359987556934357,,,
2025-07-07 00:25:00-04:00,0.02067139372229576,,,
2025-07-07 00:30:00-04:00,0.022794120013713837,,,
2025-07-07 00:35:00-04:00,0.023076128214597702,,,
2025-07-07 00:40:00-04:00,0.02234092727303505,,,
2025-07-07 00:45:00-04:00,0.022757062688469887,,,
2025-07-07 00:50:00-04:00,0.021494805812835693,,,
2025-07-07 00:55:00-04:00,0.022234071046113968,,,
2025-07-07 01:00:00-04:00,0.020781297236680984,,,
2025-07-07 01:05:00-04:00,0.022047847509384155,,,
2025-07-07 01:10:00-04:00,0.02054329216480255,,,
2025-07-07 01:15:00-04:00,0.020766347646713257,,,
2025-07-07 01:20:00-04:00,0.02032626047730446,,,
2025-07-07 01:25:00-04:00,0.019890369847416878,,,
2025-07-07 01:30:00-04:00,0.021827105432748795,,,
2025-07-07 01:35:00-04:00,0.021482311189174652,,,
2025-07-07 01:40:00-04:00,0.021735917776823044,,,
2025-07-07 01:45:00-04:00,0.021181728690862656,,,
2025-07-07 01:50:00-04:00,0.020086899399757385,,,
2025-07-07 01:55:00-04:00,0.020735453814268112,,,
2025-07-07 02:00:00-04:00,0.01972290128469467,,,
2025-07-07 02:05:00-04:00,0.020591873675584793,,,
2025-07-07 02:10:00-04:00,0.020221009850502014,,,
2025-07-07 02:15:00-04:00,0.019908256828784943,,,
2025-07-07 02:20:00-04:00,0.020569713786244392,,,
2025-07-07 02:25:00-04:00,0.020721275359392166,,,
2025-07-07 02:30:00-04:00,0.020250331610441208,,,
2025-07-07 02:35:00-04:00,0.019712913781404495,,,
2025-07-07 02:40:00-04:00,0.01962187886238098,,,
2025-07-07 02:45:00-04:00,0.0630861148238182,,,
2025-07-07 02:50:00-04:00,0.018600095063447952,,,
2025-07-07 02:55:00-04:00,0.01870611123740673,,,
2025-07-07 03:00:00-04:00,0.01958879828453064,,,
2025-07-07 03:05:00-04:00,0.01845588907599449,,,
2025-07-07 03:10:00-04:00,0.0195692740380764,,,
2025-07-07 03:15:00-04:00,0.018715305253863335,,,
2025-07-07 03:20:00-04:00,0.017967863008379936,,,
2025-07-07 03:25:00-04:00,0.01847631111741066,,,
2025-07-07 03:30:00-04:00,0.01870683953166008,,,
2025-07-07 03:35:00-04:00,0.017790857702493668,,,
2025-07-07 03:40:00-04:00,0.017066016793251038,,,
2025-07-07 03:45:00-04:00,0.017918990924954414,,,
2025-07-07 03:50:00-04:00,0.017822235822677612,,,
2025-07-07 03:55:00-04:00,0.01865963079035282,,,
2025-07-07 04:00:00-04:00,0.018675420433282852,,,
2025-07-07 04:05:00-04:00,0.017920998856425285,,,
2025-07-07 04:10:00-04:00,0.018287088721990585,,,
2025-07-07 04:15:00-04:00,0.016872212290763855,,,
2025-07-07 04:20:00-04:00,0.01659603975713253,,,
2025-07-07 04:25:00-04:00,0.016857074573636055,,,
2025-07-07 04:30:00-04:00,0.01627003401517868,,,
2025-07-07 04:35:00-04:00,0.016801543533802032,,,
2025-07-07 04:40:00-04:00,0.017718860879540443,,,
2025-07-07 04:45:00-04:00,0.016653040423989296,,,
2025-07-07 04:50:00-04:00,0.01674734428524971,,,
2025-07-07 04:55:00-04:00,0.017363309860229492,,,
2025-07-07 05:00:00-04:00,0.015888888388872147,,,
2025-07-07 05:05:00-04:00,0.015324047766625881,,,
2025-07-07 05:10:00-04:00,0.016125937923789024,,,
2025-07-07 05:15:00-04:00,0.01577875390648842,,,
2025-07-07 05:20:00-04:00,0.015534970909357071,,,
2025-07-07 05:25:00-04:00,0.01511357445269823,,,
2025-07-07 05:30:00-04:00,0.01507988665252924,,,
2025-07-07 05:35:00-04:00,0.01584910787642002,,,
2025-07-07 05:40:00-04:00,0.016131605952978134,,,
2025-07-07 05:45:00-04:00,0.018466070294380188,,,
2025-07-07 05:50:00-04:00,0.021008698269724846,,,
2025-07-07 05:55:00-04:00,0.024585992097854614,,,
2025-07-07 20:00:00-04:00,0.028193248435854912,,,
2025-07-07 20:05:00-04:00,0.026127371937036514,,,
2025-07-07 20:10:00-04:00,0.026031076908111572,,,
2025-07-07 20:15:00-04:00,0.02558826096355915,,,
2025-07-07 20:20:00-04:00,0.026239167898893356,,,
2025-07-07 20:25:00-04:00,0.027032973244786263,,,
2025-07-07 20:30:00-04:00,0.02560422755777836,,,
2025-07-07 20:35:00-04:00,0.024725019931793213,,,
2025-07-07 20:40:00-04:00,0.024524739012122154,,,
2025-07-07 20:45:00-04:00,0.02409769594669342,,,
2025-07-07 20:50:00-04:00,0.02558768168091774,,,
2025-07-07 20:55:00-04:00,0.023757776245474815,,,
2025-07-07 21:00:00-04:00,0.02494850382208824,,,
2025-07-07 21:05:00-04:00,0.023654792457818985,,,
2025-07-07 21:10:00-04:00,0.02388397976756096,,,
2025-07-07 21:15:00-04:00,0.024741925299167633,,,
2025-07-07 21:20:00-04:00,0.023656724020838737,,,
2025-07-07 21:25:00-04:00,0.023487189784646034,,,
2025-07-07 21:30:00-04:00,0.023053200915455818,,,
2025-07-07 21:35:00-04:00,0.022383026778697968,,,
2025-07-07 21:40:00-04:00,0.023719068616628647,,,
2025-07-07 21:45:00-04:00,0.024540238082408905,,,
2025-07-07 21:50:00-04:00,0.023508019745349884,,,
2025-07-07 21:55:00-04:00,0.02430962398648262,,,
2025-07-07 22:00:00-04:00,0.02321464568376541,,,
2025-07-07 22:05:00-04:00,0.024051697924733162,,,
2025-07-07 22:10:00-04:00,0.023305876180529594,,,
2025-07-07 22:15:00-04:00,0.024778246879577637,,,
2025-07-07 22:20:00-04:00,0.02602146379649639,,,
2025-07-07 22:25:00-04:00,0.02430141717195511,,,
2025-07-07 22:30:00-04:00,0.024238232523202896,,,
2025-07-07 22:35:00-04:00,0.02411775290966034,,,
2025-07-07 22:40:00-04:00,0.02353358455002308,,,
2025-07-07 22:45:00-04:00,0.0234879981726408,,,
2025-07-07 22:50:00-04:00,0.025027576833963394,,,
2025-07-07 22:55:00-04:00,0.024969803169369698,,,
2025-07-07 23:00:00-04:00,0.02395230159163475,,,
2025-07-07 23:05:00-04:00,0.02632732130587101,,,
2025-07-07 23:10:00-04:00,0.026055585592985153,,,
2025-07-07 23:15:00-04:00,0.024891432374715805,,,
2025-07-07 23:20:00-04:00,0.06196070834994316,,,
2025-07-07 23:25:00-04:00,0.02411329559981823,,,
2025-07-07 23:30:00-04:00,0.025689739733934402,,,
2025-07-07 23:35:00-04:00,0.026202091947197914,,,
2025-07-07 23:40:00-04:00,0.025801323354244232,,,
2025-07-07 23:45:00-04:00,0.02715793251991272,,,
2025-07-07 23:50:00-04:00,0.026267794892191887,,,
2025-07-07 23:55:00-04:00,0.02577543631196022,,,
2025-07-08 00:00:00-04:00,0.025775862857699394,,,
2025-07-08 00:05:00-04:00,0.027282031252980232,,,
2025-07-08 00:10:00-04:00,0.026414968073368073,,,
2025-07-08 00:15:00-04:00,0.026503264904022217,,,
2025-07-08 00:20:00-04:00,0.028448713943362236,,,
2025-07-08 00:25:00-04:00,0.027876699343323708,,,
2025-07-08 00:30:00-04:00,0.02832675725221634,,,
2025-07-08 00:35:00-04:00,0.02819960005581379,,,
2025-07-08 00:40:00-04:00,0.02610848844051361,,,
2025-07-08 00:45:00-04:00,0.02752387896180153,,,
2025-07-08 00:50:00-04:00,0.028291139751672745,,,
2025-07-08 00:55:00-04:00,0.026757076382637024,,,
2025-07-08 01:00:00-04:00,0.026231274008750916,,,
2025-07-08 01:05:00-04:00,0.027430349960923195,,,
2025-07-08 01:10:00-04:00,0.02661280520260334,,,
2025-07-08 01:15:00-04:00,0.027740364894270897,,,
2025-07-08 01:20:00-04:00,0.0281464122235775,,,
2025-07-08 01:25:00-04:00,0.06291673332452774,,,
2025-07-08 01:30:00-04:00,0.026101117953658104,,,
2025-07-08 01:35:00-04:00,0.02770751714706421,,,
2025-07-08 01:40:00-04:00,0.029155537486076355,,,
2025-07-08 01:45:00-04:00,0.028388867154717445,,,
2025-07-08 01:50:00-04:00,0.02681499719619751,,,
2025-07-08 01:55:00-04:00,0.026357049122452736,,,
2025-07-08 02:00:00-04:00,0.028101777657866478,,,
2025-07-08 02:05:00-04:00,0.027426501736044884,,,
2025-07-08 02:10:00-04:00,0.02854146435856819,,,
2025-07-08 02:15:00-04:00,0.027374183759093285,,,
2025-07-08 02:20:00-04:00,0.028505798429250717,,,
2025-07-08 02:25:00-04:00,0.027441486716270447,,,
2025-07-08 02:30:00-04:00,0.026509933173656464,,,
2025-07-08 02:35:00-04:00,0.024410640820860863,,,
2025-07-08 02:40:00-04:00,0.024938030168414116,,,
2025-07-08 02:45:00-04:00,0.02478812262415886,,,
2025-07-08 02:50:00-04:00,0.025884967297315598,,,
2025-07-08 02:55:00-04:00,0.027450311928987503,,,
2025-07-08 03:00:00-04:00,0.02515338361263275,,,
2025-07-08 03:05:00-04:00,0.023337477818131447,,,
2025-07-08 03:10:00-04:00,0.024917062371969223,,,
2025-07-08 03:15:00-04:00,0.025414258241653442,,,
2025-07-08 03:20:00-04:00,0.025335675105452538,,,
2025-07-08 03:25:00-04:00,0.02484065666794777,,,
2025-07-08 03:30:00-04:00,0.025767501443624496,,,
2025-07-08 03:35:00-04:00,0.025049014016985893,,,
2025-07-08 03:40:00-04:00,0.02557985857129097,,,
2025-07-08 03:45:00-04:00,0.02389759197831154,,,
2025-07-08 03:50:00-04:00,0.023705415427684784,,,
2025-07-08 03:55:00-04:00,0.022937769070267677,,,
2025-07-08 04:00:00-04:00,0.022848011925816536,,,
2025-07-08 04:05:00-04:00,0.02254333905875683,,,
2025-07-08 04:10:00-04:00,0.023416709154844284,,,
2025-07-08 04:15:00-04:00,0.023321758955717087,,,
2025-07-08 04:20:00-04:00,0.025041215121746063,,,
2025-07-08 04:25:00-04:00,0.0257370937615633,,,
2025-07-08 04:30:00-04:00,0.0253400057554245,,,
2025-07-08 04:35:00-04:00,0.026464130729436874,,,
2025-07-08 04:40:00-04:00,0.02544110268354416,,,
2025-07-08 04:45:00-04:00,0.025012552738189697,,,
2025-07-08 04:50:00-04:00,0.025172710418701172,,,
2025-07-08 04:55:00-04:00,0.02573208510875702,,,
2025-07-08 05:00:00-04:00,0.027119919657707214,,,
2025-07-08 05:05:00-04:00,0.026078909635543823,,,
2025-07-08 05:10:00-04:00,0.06286226212978363,,,
2025-07-08 05:15:00-04:00,0.025397993624210358,,,
2025-07-08 05:20:00-04:00,0.027721717953681946,,,
2025-07-08 05:25:00-04:00,0.027167150750756264,,,
2025-07-08 05:30:00-04:00,0.027531370520591736,,,
2025-07-08 05:35:00-04:00,0.026147810742259026,,,
2025-07-08 05:40:00-04:00,0.026521218940615654,,,
2025-07-08 05:45:00-04:00,0.02525527961552143,,,
2025-07-08 05:50:00-04:00,0.021567612886428833,,,
2025-07-08 05:55:00-04:00,0.02250259555876255,,,
2025-07-08 20:05:00-04:00,0.03501441329717636,,,
2025-07-08 20:10:00-04:00,0.03758182004094124,,,
2025-07-08 20:15:00-04:00,0.03371750935912132,,,
2025-07-08 20:20:00-04:00,0.033184681087732315,,,
2025-07-08 20:25:00-04:00,0.030603555962443352,,,
2025-07-08 20:30:00-04:00,0.027685420587658882,,,
2025-07-08 20:35:00-04:00,0.02693990059196949,,,
2025-07-08 20:40:00-04:00,0.025553269311785698,,,
2025-07-08 20:45:00-04:00,0.07021814584732056,,,
2025-07-08 20:50:00-04:00,0.02505011484026909,,,
2025-07-08 20:55:00-04:00,0.024655668064951897,,,
2025-07-08 21:00:00-04:00,0.02516600303351879,,,
2025-07-08 21:05:00-04:00,0.024474844336509705,,,
2025-07-08 21:10:00-04:00,0.02427409589290619,,,
2025-07-08 21:15:00-04:00,0.023691607639193535,,,
2025-07-08 21:20:00-04:00,0.023033123463392258,,,
2025-07-08 21:25:00-04:00,0.023019708693027496,,,
2025-07-08 21:30:00-04:00,0.023225650191307068,,,
2025-07-08 21:35:00-04:00,0.023138761520385742,,,
2025-07-08 21:40:00-04:00,0.022155512124300003,,,
2025-07-08 21:45:00-04:00,0.02241424471139908,,,
2025-07-08 21:50:00-04:00,0.02223094552755356,,,
2025-07-08 21:55:00-04:00,0.023669637739658356,,,
2025-07-08 22:00:00-04:00,0.06749647110700607,,,
2025-07-08 22:05:00-04:00,0.02349323220551014,,,
2025-07-08 22:10:00-04:00,0.02248172089457512,,,
2025-07-08 22:15:00-04:00,0.023834586143493652,,,
2025-07-08 22:20:00-04:00,0.02356456033885479,,,
2025-07-08 22:25:00-04:00,0.022749580442905426,,,
2025-07-08 22:30:00-04:00,0.023828135803341866,,,
2025-07-08 22:35:00-04:00,0.023753870278596878,,,
2025-07-08 22:40:00-04:00,0.02249184623360634,,,
2025-07-08 22:45:00-04:00,0.02370426058769226,,,
2025-07-08 22:50:00-04:00,0.02375635877251625,,,
2025-07-08 22:55:00-04:00,0.023842670023441315,,,
2025-07-08 23:00:00-04:00,0.025438226759433746,,,
2025-07-08 23:05:00-04:00,0.025585412979125977,,,
2025-07-08 23:10:00-04:00,0.02425871230661869,,,
2025-07-08 23:15:00-04:00,0.025176657363772392,,,
2025-07-08 23:20:00-04:00,0.024543561041355133,,,
2025-07-08 23:25:00-04:00,0.02435995824635029,,,
2025-07-08 23:30:00-04:00,0.02510981820523739,,,
2025-07-08 23:35:00-04:00,0.02509077824652195,,,
2025-07-08 23:40:00-04:00,0.024274680763483047,,,
2025-07-08 23:45:00-04:00,0.024898827075958252,,,
2025-07-08 23:50:00-04:00,0.02423151582479477,,,
2025-07-08 23:55:00-04:00,0.025781501084566116,,,
2025-07-09 00:00:00-04:00,0.0256176944822073,,,
2025-07-09 00:05:00-04:00,0.025833308696746826,,,
2025-07-09 00:10:00-04:00,0.025361884385347366,,,
2025-07-09 00:15:00-04:00,0.024915318936109543,,,
2025-07-09 00:20:00-04:00,0.025728201493620872,,,
2025-07-09 00:25:00-04:00,0.025899725034832954,,,
2025-07-09 00:30:00-04:00,0.027901768684387207,,,
2025-07-09 00:35:00-04:00,0.027977708727121353,,,
2025-07-09 00:40:00-04:00,0.02805178426206112,,,
2025-07-09 00:45:00-04:00,0.026204420253634453,,,
2025-07-09 00:50:00-04:00,0.026704303920269012,,,
2025-07-09 00:55:00-04:00,0.02581910602748394,,,
2025-07-09 01:00:00-04:00,0.02459898218512535,,,
2025-07-09 01:05:00-04:00,0.026481840759515762,,,
2025-07-09 01:10:00-04:00,0.02587210386991501,,,
2025-07-09 01:15:00-04:00,0.025867320597171783,,,
2025-07-09 01:20:00-04:00,0.02494095265865326,,,
2025-07-09 01:25:00-04:00,0.026500917971134186,,,
2025-07-09 01:30:00-04:00,0.027055177837610245,,,
2025-07-09 01:35:00-04:00,0.026087220758199692,,,
2025-07-09 01:40:00-04:00,0.025543300434947014,,,
2025-07-09 01:45:00-04:00,0.025711093097925186,,,
2025-07-09 01:50:00-04:00,0.02971947006881237,,,
2025-07-09 01:55:00-04:00,0.04152622073888779,,,
2025-07-09 02:00:00-04:00,0.0848592147231102,,,
2025-07-09 02:05:00-04:00,0.10864891856908798,,,
2025-07-09 02:10:00-04:00,0.09834736585617065,,,
2025-07-09 02:15:00-04:00,0.043524790555238724,,,
2025-07-09 02:20:00-04:00,0.04023151472210884,,,
2025-07-09 02:25:00-04:00,0.030643798410892487,,,
2025-07-09 02:30:00-04:00,0.027817439287900925,,,
2025-07-09 02:35:00-04:00,0.02520740032196045,,,
2025-07-09 02:40:00-04:00,0.02413839101791382,,,
2025-07-09 02:45:00-04:00,0.023470653221011162,,,
2025-07-09 02:50:00-04:00,0.024285804480314255,,,
2025-07-09 02:55:00-04:00,0.07052077353000641,,,
2025-07-09 03:00:00-04:00,0.02892298251390457,,,
2025-07-09 03:05:00-04:00,0.02466706931591034,,,
2025-07-09 03:10:00-04:00,0.024431198835372925,,,
2025-07-09 03:15:00-04:00,0.027751056477427483,,,
2025-07-09 03:20:00-04:00,0.11191891878843307,,,
2025-07-09 03:25:00-04:00,0.20064985752105713,,,
2025-07-09 03:30:00-04:00,0.14961597323417664,,,
2025-07-09 03:35:00-04:00,0.11219143867492676,,,
2025-07-09 20:40:00-04:00,0.11283842474222183,,,
2025-07-09 20:45:00-04:00,0.09541530907154083,,,
2025-07-09 20:50:00-04:00,0.06750132143497467,,,
2025-07-09 20:55:00-04:00,0.052001453936100006,,,
2025-07-09 21:00:00-04:00,0.03992598131299019,,,
2025-07-09 21:05:00-04:00,0.03194046765565872,,,
2025-07-09 21:10:00-04:00,0.02584013342857361,,,
2025-07-09 21:15:00-04:00,0.024539755657315254,,,
2025-07-09 21:20:00-04:00,0.024680454283952713,,,
2025-07-09 21:25:00-04:00,0.025029625743627548,,,
2025-07-09 21:30:00-04:00,0.07190465927124023,,,
2025-07-09 21:35:00-04:00,0.02613241970539093,,,
2025-07-09 21:40:00-04:00,0.027490921318531036,,,
2025-07-09 21:45:00-04:00,0.027831166982650757,,,
2025-07-09 21:50:00-04:00,0.02666603773832321,,,
2025-07-09 21:55:00-04:00,0.02663499489426613,,,
2025-07-09 22:00:00-04:00,0.026001129299402237,,,
2025-07-09 22:05:00-04:00,0.027811391279101372,,,
2025-07-09 22:10:00-04:00,0.02708444371819496,,,
2025-07-09 22:15:00-04:00,0.02706141583621502,,,
2025-07-09 22:20:00-04:00,0.02678057923913002,,,
2025-07-09 22:25:00-04:00,0.027269642800092697,,,
2025-07-09 22:30:00-04:00,0.028358343988656998,,,
2025-07-09 22:35:00-04:00,0.027620654553174973,,,
2025-07-09 22:40:00-04:00,0.028245333582162857,,,
2025-07-09 22:45:00-04:00,0.028492596000432968,,,
2025-07-09 22:50:00-04:00,0.028895314782857895,,,
2025-07-09 22:55:00-04:00,0.029050659388303757,,,
2025-07-09 23:00:00-04:00,0.03032505139708519,,,
2025-07-09 23:05:00-04:00,0.029414452612400055,,,
2025-07-09 23:10:00-04:00,0.027607198804616928,,,
2025-07-09 23:15:00-04:00,0.026267068460583687,,,
2025-07-09 23:20:00-04:00,0.02851882390677929,,,
2025-07-09 23:25:00-04:00,0.029872145503759384,,,
2025-07-09 23:30:00-04:00,0.029093652963638306,,,
2025-07-09 23:35:00-04:00,0.027484118938446045,,,
2025-07-09 23:40:00-04:00,0.02833443507552147,,,
2025-07-09 23:45:00-04:00,0.027297720313072205,,,
2025-07-09 23:50:00-04:00,0.027484644204378128,,,
2025-07-09 23:55:00-04:00,0.02756650187075138,,,
2025-07-10 00:00:00-04:00,0.028544994071125984,,,
2025-07-10 00:05:00-04:00,0.028363216668367386,,,
2025-07-10 00:10:00-04:00,0.026891792193055153,,,
2025-07-10 00:15:00-04:00,0.02823522500693798,,,
2025-07-10 00:20:00-04:00,0.030007891356945038,,,
2025-07-10 00:25:00-04:00,0.028767747804522514,,,
2025-07-10 00:30:00-04:00,0.029086116701364517,,,
2025-07-10 00:35:00-04:00,0.028813093900680542,,,
2025-07-10 00:40:00-04:00,0.029255583882331848,,,
2025-07-10 00:45:00-04:00,0.029291372746229172,,,
2025-07-10 00:50:00-04:00,0.029608450829982758,,,
2025-07-10 00:55:00-04:00,0.028903963044285774,,,
2025-07-10 01:00:00-04:00,0.029813187196850777,,,
2025-07-10 01:05:00-04:00,0.02933378517627716,,,
2025-07-10 01:10:00-04:00,0.030982730910182,,,
2025-07-10 01:15:00-04:00,0.029682427644729614,,,
2025-07-10 01:20:00-04:00,0.029842747375369072,,,
2025-07-10 01:25:00-04:00,0.0297705065459013,,,
2025-07-10 01:30:00-04:00,0.03125801682472229,,,
2025-07-10 01:35:00-04:00,0.030019091442227364,,,
2025-07-10 01:40:00-04:00,0.065693698823452,,,
2025-07-10 01:45:00-04:00,0.030549556016921997,,,
2025-07-10 01:50:00-04:00,0.03046024776995182,,,
2025-07-10 01:55:00-04:00,0.03017435222864151,,,
2025-07-10 02:00:00-04:00,0.02954457700252533,,,
2025-07-10 02:05:00-04:00,0.030295250937342644,,,
2025-07-10 02:10:00-04:00,0.02988961711525917,,,
2025-07-10 02:15:00-04:00,0.032090265303850174,,,
2025-07-10 02:20:00-04:00,0.03182878717780113,,,
2025-07-10 02:25:00-04:00,0.03035346046090126,,,
2025-07-10 02:30:00-04:00,0.030825793743133545,,,
2025-07-10 02:35:00-04:00,0.030229344964027405,,,
2025-07-10 02:40:00-04:00,0.0320436954498291,,,
2025-07-10 02:45:00-04:00,0.03130954131484032,,,
2025-07-10 02:50:00-04:00,0.031146902590990067,,,
2025-07-10 02:55:00-04:00,0.03033466637134552,,,
2025-07-10 03:00:00-04:00,0.029586389660835266,,,
2025-07-10 03:05:00-04:00,0.03134986013174057,,,
2025-07-10 03:10:00-04:00,0.029356034472584724,,,
2025-07-10 03:15:00-04:00,0.02885739877820015,,,
2025-07-10 03:20:00-04:00,0.029037674888968468,,,
2025-07-10 03:25:00-04:00,0.029666030779480934,,,
2025-07-10 03:30:00-04:00,0.028714217245578766,,,
2025-07-10 03:35:00-04:00,0.028359780088067055,,,
2025-07-10 03:40:00-04:00,0.02758788876235485,,,
2025-07-10 03:45:00-04:00,0.028032533824443817,,,
2025-07-10 03:50:00-04:00,0.02604789473116398,,,
2025-07-10 03:55:00-04:00,0.026595180854201317,,,
2025-07-10 04:00:00-04:00,0.026297179982066154,,,
2025-07-10 04:05:00-04:00,0.025505222380161285,,,
2025-07-10 04:10:00-04:00,0.025516418740153313,,,
2025-07-10 04:15:00-04:00,0.025449035689234734,,,
2025-07-10 04:20:00-04:00,0.02568526193499565,,,
2025-07-10 04:25:00-04:00,0.026757944375276566,,,
2025-07-10 04:30:00-04:00,0.025564294308423996,,,
2025-07-10 04:35:00-04:00,0.025683999061584473,,,
2025-07-10 04:40:00-04:00,0.026204299181699753,,,
2025-07-10 04:45:00-04:00,0.026468226686120033,,,
2025-07-10 04:50:00-04:00,0.025621045380830765,,,
2025-07-10 04:55:00-04:00,0.02562565542757511,,,
2025-07-10 05:00:00-04:00,0.0647789016366005,,,
2025-07-10 05:05:00-04:00,0.023878498002886772,,,
2025-07-10 05:10:00-04:00,0.0242219977080822,,,
2025-07-10 05:15:00-04:00,0.024211067706346512,,,
2025-07-10 05:20:00-04:00,0.024257423356175423,,,
2025-07-10 05:25:00-04:00,0.02276787906885147,,,
2025-07-10 05:30:00-04:00,0.022858690470457077,,,
2025-07-10 05:35:00-04:00,0.023734722286462784,,,
2025-07-10 05:40:00-04:00,0.02361304871737957,,,
2025-07-10 05:45:00-04:00,0.024951713159680367,,,
2025-07-10 05:50:00-04:00,0.02316015213727951,,,
2025-07-10 05:55:00-04:00,0.024060077965259552,,,
2025-07-10 20:00:00-04:00,0.023513920605182648,,,
2025-07-10 20:05:00-04:00,0.022945888340473175,,,
2025-07-10 20:10:00-04:00,0.02136257477104664,,,
2025-07-10 20:15:00-04:00,0.02202175371348858,,,
2025-07-10 20:20:00-04:00,0.022974427789449692,,,
2025-07-10 20:25:00-04:00,0.023323459550738335,,,
2025-07-10 20:30:00-04:00,0.023868225514888763,,,
2025-07-10 20:35:00-04:00,0.02368142269551754,,,
2025-07-10 20:40:00-04:00,0.024551188573241234,,,
2025-07-10 20:45:00-04:00,0.02559220977127552,,,
2025-07-10 20:50:00-04:00,0.023658791556954384,,,
2025-07-10 20:55:00-04:00,0.023861875757575035,,,
2025-07-10 21:00:00-04:00,0.02383328229188919,,,
2025-07-10 21:05:00-04:00,0.024871516972780228,,,
2025-07-10 21:10:00-04:00,0.024237951263785362,,,
2025-07-10 21:15:00-04:00,0.024018030613660812,,,
2025-07-10 21:20:00-04:00,0.023041561245918274,,,
2025-07-10 21:25:00-04:00,0.026536695659160614,,,
2025-07-10 21:30:00-04:00,0.02510097250342369,,,
2025-07-10 21:35:00-04:00,0.026499224826693535,,,
2025-07-10 21:40:00-04:00,0.025293361395597458,,,
2025-07-10 21:45:00-04:00,0.02731083706021309,,,
2025-07-10 21:50:00-04:00,0.027053482830524445,,,
2025-07-10 21:55:00-04:00,0.02753368765115738,,,
2025-07-10 22:00:00-04:00,0.02693222276866436,,,
2025-07-10 22:05:00-04:00,0.026691753417253494,,,
2025-07-10 22:10:00-04:00,0.027116350829601288,,,
2025-07-10 22:15:00-04:00,0.02779674530029297,,,
2025-07-10 22:20:00-04:00,0.027656182646751404,,,
2025-07-10 22:25:00-04:00,0.02859971672296524,,,
2025-07-10 22:30:00-04:00,0.028151392936706543,,,
2025-07-10 22:35:00-04:00,0.029887152835726738,,,
2025-07-10 22:40:00-04:00,0.029881872236728668,,,
2025-07-10 22:45:00-04:00,0.02858719788491726,,,
2025-07-10 22:50:00-04:00,0.029375553131103516,,,
2025-07-10 22:55:00-04:00,0.030428951606154442,,,
2025-07-10 23:00:00-04:00,0.03096017986536026,,,
2025-07-10 23:05:00-04:00,0.02913990244269371,,,
2025-07-10 23:10:00-04:00,0.030195586383342743,,,
2025-07-10 23:15:00-04:00,0.02967742457985878,,,
2025-07-10 23:20:00-04:00,0.07109922915697098,,,
2025-07-10 23:25:00-04:00,0.03263144940137863,,,
2025-07-10 23:30:00-04:00,0.03121340461075306,,,
2025-07-10 23:35:00-04:00,0.032041650265455246,,,
2025-07-10 23:40:00-04:00,0.0323391929268837,,,
2025-07-10 23:45:00-04:00,0.032548993825912476,,,
2025-07-10 23:50:00-04:00,0.03298936039209366,,,
2025-07-10 23:55:00-04:00,0.03200286626815796,,,
2025-07-11 00:00:00-04:00,0.03247717022895813,,,
2025-07-11 00:05:00-04:00,0.031568534672260284,,,
2025-07-11 00:10:00-04:00,0.03040120378136635,,,
2025-07-11 00:15:00-04:00,0.031634651124477386,,,
2025-07-11 00:20:00-04:00,0.03059031069278717,,,
2025-07-11 00:25:00-04:00,0.031681403517723083,,,
2025-07-11 00:30:00-04:00,0.030155090615153313,,,
2025-07-11 00:35:00-04:00,0.030762651935219765,,,
2025-07-11 00:40:00-04:00,0.030781246721744537,,,
2025-07-11 00:45:00-04:00,0.029678795486688614,,,
2025-07-11 00:50:00-04:00,0.029854420572519302,,,
2025-07-11 00:55:00-04:00,0.02833819016814232,,,
2025-07-11 01:00:00-04:00,0.029146386310458183,,,
2025-07-11 01:05:00-04:00,0.029189832508563995,,,
2025-07-11 01:10:00-04:00,0.028764840215444565,,,
2025-07-11 01:15:00-04:00,0.029953639954328537,,,
2025-07-11 01:20:00-04:00,0.028355522081255913,,,
2025-07-11 01:25:00-04:00,0.02991632930934429,,,
2025-07-11 01:30:00-04:00,0.03067285753786564,,,
2025-07-11 01:35:00-04:00,0.029796505346894264,,,
2025-07-11 01:40:00-04:00,0.03201478719711304,,,
2025-07-11 01:45:00-04:00,0.032048679888248444,,,
2025-07-11 01:50:00-04:00,0.030309945344924927,,,
2025-07-11 01:55:00-04:00,0.031115703284740448,,,
2025-07-11 02:00:00-04:00,0.031739793717861176,,,
2025-07-11 02:05:00-04:00,0.030876120552420616,,,
2025-07-11 02:10:00-04:00,0.03162935748696327,,,
2025-07-11 02:15:00-04:00,0.0326441191136837,,,
2025-07-11 02:20:00-04:00,0.031133482232689857,,,
2025-07-11 02:25:00-04:00,0.030163176357746124,,,
2025-07-11 02:30:00-04:00,0.030877646058797836,,,
2025-07-11 02:35:00-04:00,0.03023437038064003,,,
2025-07-11 02:40:00-04:00,0.032293837517499924,,,
2025-07-11 02:45:00-04:00,0.03091355599462986,,,
2025-07-11 02:50:00-04:00,0.030906787142157555,,,
2025-07-11 02:55:00-04:00,0.03235013410449028,,,
2025-07-11 03:00:00-04:00,0.0299488864839077,,,
2025-07-11 03:05:00-04:00,0.0304358322173357,,,
2025-07-11 03:10:00-04:00,0.030218778178095818,,,
2025-07-11 03:15:00-04:00,0.029751542955636978,,,
2025-07-11 03:20:00-04:00,0.028947697952389717,,,
2025-07-11 03:25:00-04:00,0.03121059015393257,,,
2025-07-11 03:30:00-04:00,0.02937568537890911,,,
2025-07-11 03:35:00-04:00,0.03009316325187683,,,
2025-07-11 03:40:00-04:00,0.030712855979800224,,,
2025-07-11 03:45:00-04:00,0.02868042327463627,,,
2025-07-11 03:50:00-04:00,0.029656104743480682,,,
2025-07-11 03:55:00-04:00,0.028965307399630547,,,
2025-07-11 04:00:00-04:00,0.02845093607902527,,,
2025-07-11 04:05:00-04:00,0.02892780676484108,,,
2025-07-11 04:10:00-04:00,0.02901027351617813,,,
2025-07-11 04:15:00-04:00,0.029675807803869247,,,
2025-07-11 04:20:00-04:00,0.029548849910497665,,,
2025-07-11 04:25:00-04:00,0.029130510985851288,,,
2025-07-11 04:30:00-04:00,0.027989111840724945,,,
2025-07-11 04:35:00-04:00,0.029440492391586304,,,
2025-07-11 04:40:00-04:00,0.02915673889219761,,,
2025-07-11 04:45:00-04:00,0.031000113114714622,,,
2025-07-11 04:50:00-04:00,0.03146088868379593,,,
2025-07-11 04:55:00-04:00,0.030484497547149658,,,
2025-07-11 05:00:00-04:00,0.028463847935199738,,,
2025-07-11 05:05:00-04:00,0.03049219772219658,,,
2025-07-11 05:10:00-04:00,0.02903173491358757,,,
2025-07-11 05:15:00-04:00,0.028109941631555557,,,
2025-07-11 05:20:00-04:00,0.02770504355430603,,,
2025-07-11 05:25:00-04:00,0.02823922596871853,,,
2025-07-11 05:30:00-04:00,0.027383340522646904,,,
2025-07-11 05:35:00-04:00,0.028482187539339066,,,
2025-07-11 05:40:00-04:00,0.030715037137269974,,,
2025-07-11 05:45:00-04:00,0.030911289155483246,,,
2025-07-11 05:50:00-04:00,0.030357476323843002,,,
2025-07-11 05:55:00-04:00,0.0279511958360672,,,
2025-07-11 20:00:00-04:00,0.018529102206230164,,,
2025-07-11 20:05:00-04:00,0.017377246171236038,,,
2025-07-11 20:10:00-04:00,0.017213741317391396,,,
2025-07-11 20:15:00-04:00,0.018258793279528618,,,
2025-07-11 20:20:00-04:00,0.01815863512456417,,,
2025-07-11 20:25:00-04:00,0.018313582986593246,,,
2025-07-11 20:30:00-04:00,0.018031751736998558,,,
2025-07-11 20:35:00-04:00,0.018624762073159218,,,
2025-07-11 20:40:00-04:00,0.019476281479001045,,,
2025-07-11 20:45:00-04:00,0.01758044958114624,,,
2025-07-11 20:50:00-04:00,0.019029974937438965,,,
2025-07-11 20:55:00-04:00,0.01872844621539116,,,
2025-07-11 21:00:00-04:00,0.019145576283335686,,,
2025-07-11 21:05:00-04:00,0.019604148343205452,,,
2025-07-11 21:10:00-04:00,0.019437238574028015,,,
2025-07-11 21:15:00-04:00,0.020354606211185455,,,
2025-07-11 21:20:00-04:00,0.021886467933654785,,,
2025-07-11 21:25:00-04:00,0.019946424290537834,,,
2025-07-11 21:30:00-04:00,0.01986050419509411,,,
2025-07-11 21:35:00-04:00,0.020722728222608566,,,
2025-07-11 21:40:00-04:00,0.020208291709423065,,,
2025-07-11 21:45:00-04:00,0.021727627143263817,,,
2025-07-11 21:50:00-04:00,0.02165631391108036,,,
2025-07-11 21:55:00-04:00,0.02156650647521019,,,
2025-07-11 22:00:00-04:00,0.021298417821526527,,,
2025-07-11 22:05:00-04:00,0.02265988662838936,,,
2025-07-11 22:10:00-04:00,0.022001618519425392,,,
2025-07-11 22:15:00-04:00,0.02289530634880066,,,
2025-07-11 22:20:00-04:00,0.022931167855858803,,,
2025-07-11 22:25:00-04:00,0.0233442485332489,,,
2025-07-11 22:30:00-04:00,0.023177675902843475,,,
2025-07-11 22:35:00-04:00,0.024101927876472473,,,
2025-07-11 22:40:00-04:00,0.024136222898960114,,,
2025-07-11 22:45:00-04:00,0.023898959159851074,,,
2025-07-11 22:50:00-04:00,0.024581002071499825,,,
2025-07-11 22:55:00-04:00,0.025087270885705948,,,
2025-07-11 23:00:00-04:00,0.023990392684936523,,,
2025-07-11 23:05:00-04:00,0.024397891014814377,,,
2025-07-11 23:10:00-04:00,0.02355177327990532,,,
2025-07-11 23:15:00-04:00,0.026168227195739746,,,
2025-07-11 23:20:00-04:00,0.025574088096618652,,,
2025-07-11 23:25:00-04:00,0.0261993370950222,,,
2025-07-11 23:30:00-04:00,0.025935471057891846,,,
2025-07-11 23:35:00-04:00,0.026523996144533157,,,
2025-07-11 23:40:00-04:00,0.02556946501135826,,,
2025-07-11 23:45:00-04:00,0.02578064799308777,,,
2025-07-11 23:50:00-04:00,0.026494286954402924,,,
2025-07-11 23:55:00-04:00,0.026148252189159393,,,
2025-07-12 00:00:00-04:00,0.026277916505932808,,,
2025-07-12 00:05:00-04:00,0.025893626734614372,,,
2025-07-12 00:10:00-04:00,0.026303086429834366,,,
2025-07-12 00:15:00-04:00,0.026702620089054108,,,
2025-07-12 00:20:00-04:00,0.026769891381263733,,,
2025-07-12 00:25:00-04:00,0.027015239000320435,,,
2025-07-12 00:30:00-04:00,0.0267939455807209,,,
2025-07-12 00:35:00-04:00,0.027028683573007584,,,
2025-07-12 00:40:00-04:00,0.0272812619805336,,,
2025-07-12 00:45:00-04:00,0.026271827518939972,,,
2025-07-12 00:50:00-04:00,0.025396078824996948,,,
2025-07-12 00:55:00-04:00,0.02691434882581234,,,
2025-07-12 01:00:00-04:00,0.027031514793634415,,,
2025-07-12 01:05:00-04:00,0.025973811745643616,,,
2025-07-12 01:10:00-04:00,0.02590310201048851,,,
2025-07-12 01:15:00-04:00,0.02488228678703308,,,
2025-07-12 01:20:00-04:00,0.025853578001260757,,,
2025-07-12 01:25:00-04:00,0.026738792657852173,,,
2025-07-12 01:30:00-04:00,0.025798043236136436,,,
2025-07-12 01:35:00-04:00,0.026960287243127823,,,
2025-07-12 01:40:00-04:00,0.027072422206401825,,,
2025-07-12 01:45:00-04:00,0.026763923466205597,,,
2025-07-12 01:50:00-04:00,0.02720019221305847,,,
2025-07-12 01:55:00-04:00,0.02842932939529419,,,
2025-07-12 02:00:00-04:00,0.026540817692875862,,,
2025-07-12 02:05:00-04:00,0.026430267840623856,,,
2025-07-12 02:10:00-04:00,0.02836669236421585,,,
2025-07-12 02:15:00-04:00,0.02718445099890232,,,
2025-07-12 02:20:00-04:00,0.026845652610063553,,,
2025-07-12 02:25:00-04:00,0.02668258547782898,,,
2025-07-12 02:30:00-04:00,0.026943638920783997,,,
2025-07-12 02:35:00-04:00,0.026534929871559143,,,
2025-07-12 02:40:00-04:00,0.026093661785125732,,,
2025-07-12 02:45:00-04:00,0.02718207612633705,,,
2025-07-12 02:50:00-04:00,0.02826526388525963,,,
2025-07-12 02:55:00-04:00,0.026815373450517654,,,
2025-07-12 03:00:00-04:00,0.02529027685523033,,,
2025-07-12 03:05:00-04:00,0.02837890014052391,,,
2025-07-12 03:10:00-04:00,0.029742825776338577,,,
2025-07-12 03:15:00-04:00,0.02739061415195465,,,
2025-07-12 03:20:00-04:00,0.026933882385492325,,,
2025-07-12 03:25:00-04:00,0.02952047996222973,,,
2025-07-12 03:30:00-04:00,0.02812095917761326,,,
2025-07-12 03:35:00-04:00,0.029848968610167503,,,
2025-07-12 03:40:00-04:00,0.02869294583797455,,,
2025-07-12 03:45:00-04:00,0.02930787391960621,,,
2025-07-12 03:50:00-04:00,0.029710941016674042,,,
2025-07-12 03:55:00-04:00,0.02991819567978382,,,
2025-07-12 04:00:00-04:00,0.06815938651561737,,,
2025-07-12 04:05:00-04:00,0.02954123541712761,,,
2025-07-12 04:10:00-04:00,0.02992018312215805,,,
2025-07-12 04:15:00-04:00,0.029533766210079193,,,
2025-07-12 04:20:00-04:00,0.03053370490670204,,,
2025-07-12 04:25:00-04:00,0.030222605913877487,,,
2025-07-12 04:30:00-04:00,0.031312279403209686,,,
2025-07-12 04:35:00-04:00,0.03289271146059036,,,
2025-07-12 04:40:00-04:00,0.03141053020954132,,,
2025-07-12 04:45:00-04:00,0.03223171830177307,,,
2025-07-12 04:50:00-04:00,0.03169694170355797,,,
2025-07-12 04:55:00-04:00,0.032691724598407745,,,
2025-07-12 05:00:00-04:00,0.03402601182460785,,,
2025-07-12 05:05:00-04:00,0.032548461109399796,,,
2025-07-12 05:10:00-04:00,0.03207270801067352,,,
2025-07-12 05:15:00-04:00,0.03363002836704254,,,
2025-07-12 05:20:00-04:00,0.03367170691490173,,,
2025-07-12 05:25:00-04:00,0.031060662120580673,,,
2025-07-12 05:30:00-04:00,0.03346313536167145,,,
2025-07-12 05:35:00-04:00,0.03486565873026848,,,
2025-07-12 05:40:00-04:00,0.03412848711013794,,,
2025-07-12 05:45:00-04:00,0.03855300694704056,,,
2025-07-12 05:50:00-04:00,0.036245908588171005,,,
2025-07-12 05:55:00-04:00,0.034069765359163284,,,
2025-07-12 20:00:00-04:00,0.012149649672210217,,,
2025-07-12 20:05:00-04:00,0.012531589716672897,,,
2025-07-12 20:10:00-04:00,0.01355724222958088,,,
2025-07-12 20:15:00-04:00,0.01341463066637516,,,
2025-07-12 20:20:00-04:00,0.012902609072625637,,,
2025-07-12 20:25:00-04:00,0.012741954065859318,,,
2025-07-12 20:30:00-04:00,0.013765727169811726,,,
2025-07-12 20:35:00-04:00,0.013490572571754456,,,
2025-07-12 20:40:00-04:00,0.0602356493473053,,,
2025-07-12 20:45:00-04:00,0.013544237241148949,,,
2025-07-12 20:50:00-04:00,0.013873022049665451,,,
2025-07-12 20:55:00-04:00,0.014067324809730053,,,
2025-07-12 21:00:00-04:00,0.01483855675905943,,,
2025-07-12 21:05:00-04:00,0.0140851940959692,,,
2025-07-12 21:10:00-04:00,0.015442455187439919,,,
2025-07-12 21:15:00-04:00,0.014210512861609459,,,
2025-07-12 21:20:00-04:00,0.015236293897032738,,,
2025-07-12 21:25:00-04:00,0.01588037610054016,,,
2025-07-12 21:30:00-04:00,0.015446648932993412,,,
2025-07-12 21:35:00-04:00,0.016085825860500336,,,
2025-07-12 21:40:00-04:00,0.015131890773773193,,,
2025-07-12 21:45:00-04:00,0.015700215473771095,,,
2025-07-12 21:50:00-04:00,0.015588926151394844,,,
2025-07-12 21:55:00-04:00,0.015739697962999344,,,
2025-07-12 22:00:00-04:00,0.015968792140483856,,,
2025-07-12 22:05:00-04:00,0.016038905829191208,,,
2025-07-12 22:10:00-04:00,0.016730643808841705,,,
2025-07-12 22:15:00-04:00,0.016713375225663185,,,
2025-07-12 22:20:00-04:00,0.0161870289593935,,,
2025-07-12 22:25:00-04:00,0.017003312706947327,,,
2025-07-12 22:30:00-04:00,0.01717805676162243,,,
2025-07-12 22:35:00-04:00,0.017510291188955307,,,
2025-07-12 22:40:00-04:00,0.01724553108215332,,,
2025-07-12 22:45:00-04:00,0.01876586116850376,,,
2025-07-12 22:50:00-04:00,0.01897507719695568,,,
2025-07-12 22:55:00-04:00,0.018704969435930252,,,
2025-07-12 23:00:00-04:00,0.01812036894261837,,,
2025-07-12 23:05:00-04:00,0.01760554499924183,,,
2025-07-12 23:10:00-04:00,0.01834605447947979,,,
2025-07-12 23:15:00-04:00,0.01911347731947899,,,
2025-07-12 23:20:00-04:00,0.019341809675097466,,,
2025-07-12 23:25:00-04:00,0.019801292568445206,,,
2025-07-12 23:30:00-04:00,0.019600212574005127,,,
2025-07-12 23:35:00-04:00,0.018654240295290947,,,
2025-07-12 23:40:00-04:00,0.02024052105844021,,,
2025-07-12 23:45:00-04:00,0.019655857235193253,,,
2025-07-12 23:50:00-04:00,0.020663689821958542,,,
2025-07-12 23:55:00-04:00,0.021044034510850906,,,
2025-07-13 00:00:00-04:00,0.021157316863536835,,,
2025-07-13 00:05:00-04:00,0.02040793187916279,,,
2025-07-13 00:10:00-04:00,0.020263634622097015,,,
2025-07-13 00:15:00-04:00,0.021879024803638458,,,
2025-07-13 00:20:00-04:00,0.022825179621577263,,,
2025-07-13 00:25:00-04:00,0.0222950279712677,,,
2025-07-13 00:30:00-04:00,0.0213924590498209,,,
2025-07-13 00:35:00-04:00,0.022921442985534668,,,
2025-07-13 00:40:00-04:00,0.021125875413417816,,,
2025-07-13 00:45:00-04:00,0.0212330911308527,,,
2025-07-13 00:50:00-04:00,0.02251974307000637,,,
2025-07-13 00:55:00-04:00,0.022113945335149765,,,
2025-07-13 01:00:00-04:00,0.021376468241214752,,,
2025-07-13 01:05:00-04:00,0.021578017622232437,,,
2025-07-13 01:10:00-04:00,0.023629918694496155,,,
2025-07-13 01:15:00-04:00,0.02263786457479,,,
2025-07-13 01:20:00-04:00,0.02336474135518074,,,
2025-07-13 01:25:00-04:00,0.023099325597286224,,,
2025-07-13 01:30:00-04:00,0.024994369596242905,,,
2025-07-13 01:35:00-04:00,0.02383134886622429,,,
2025-07-13 01:40:00-04:00,0.024577965959906578,,,
2025-07-13 01:45:00-04:00,0.024419303983449936,,,
2025-07-13 01:50:00-04:00,0.024839121848344803,,,
2025-07-13 01:55:00-04:00,0.02502012625336647,,,
2025-07-13 02:00:00-04:00,0.02462707832455635,,,
2025-07-13 02:05:00-04:00,0.023552630096673965,,,
2025-07-13 02:10:00-04:00,0.024771109223365784,,,
2025-07-13 02:15:00-04:00,0.024027176201343536,,,
2025-07-13 02:20:00-04:00,0.02335502952337265,,,
2025-07-13 02:25:00-04:00,0.02358800545334816,,,
2025-07-13 02:30:00-04:00,0.02340778522193432,,,
2025-07-13 02:35:00-04:00,0.02349073626101017,,,
2025-07-13 02:40:00-04:00,0.02393166348338127,,,
2025-07-13 02:45:00-04:00,0.025443565100431442,,,
2025-07-13 02:50:00-04:00,0.02455916255712509,,,
2025-07-13 02:55:00-04:00,0.024157999083399773,,,
2025-07-13 03:00:00-04:00,0.023969123139977455,,,
2025-07-13 03:05:00-04:00,0.02364284172654152,,,
2025-07-13 03:10:00-04:00,0.023571480065584183,,,
2025-07-13 03:15:00-04:00,0.02406030148267746,,,
2025-07-13 03:20:00-04:00,0.02563692256808281,,,
2025-07-13 03:25:00-04:00,0.024913998320698738,,,
2025-07-13 03:30:00-04:00,0.02506205625832081,,,
2025-07-13 03:35:00-04:00,0.025833025574684143,,,
2025-07-13 03:40:00-04:00,0.025896970182657242,,,
2025-07-13 03:45:00-04:00,0.02708175964653492,,,
2025-07-13 03:50:00-04:00,0.02807811088860035,,,
2025-07-13 03:55:00-04:00,0.02823294885456562,,,
2025-07-13 04:00:00-04:00,0.027871042490005493,,,
2025-07-13 04:05:00-04:00,0.02717163972556591,,,
2025-07-13 04:10:00-04:00,0.028758853673934937,,,
2025-07-13 04:15:00-04:00,0.027121592313051224,,,
2025-07-13 04:20:00-04:00,0.026554809883236885,,,
2025-07-13 04:25:00-04:00,0.02774815261363983,,,
2025-07-13 04:30:00-04:00,0.027308350428938866,,,
2025-07-13 04:35:00-04:00,0.02704273909330368,,,
2025-07-13 04:40:00-04:00,0.027525145560503006,,,
2025-07-13 04:45:00-04:00,0.027282416820526123,,,
2025-07-13 04:50:00-04:00,0.027305200695991516,,,
2025-07-13 04:55:00-04:00,0.027071891352534294,,,
2025-07-13 05:00:00-04:00,0.02696501463651657,,,
2025-07-13 05:05:00-04:00,0.02697005867958069,,,
2025-07-13 05:10:00-04:00,0.02756488509476185,,,
2025-07-13 05:15:00-04:00,0.027670659124851227,,,
2025-07-13 05:20:00-04:00,0.027530590072274208,,,
2025-07-13 05:25:00-04:00,0.03051968291401863,,,
2025-07-13 05:30:00-04:00,0.02947196178138256,,,
2025-07-13 05:35:00-04:00,0.0645102709531784,,,
2025-07-13 05:40:00-04:00,0.030280668288469315,,,
2025-07-13 05:45:00-04:00,0.03127104043960571,,,
2025-07-13 05:50:00-04:00,0.027708305045962334,,,
2025-07-13 05:55:00-04:00,0.028702644631266594,,,
2025-07-13 20:00:00-04:00,0.012650947086513042,,,
2025-07-13 20:05:00-04:00,0.012004336342215538,,,
2025-07-13 20:10:00-04:00,0.011566033586859703,,,
2025-07-13 20:15:00-04:00,0.010837634094059467,,,
2025-07-13 20:20:00-04:00,0.011251715943217278,,,
2025-07-13 20:25:00-04:00,0.011237503960728645,,,
2025-07-13 20:30:00-04:00,0.011417018249630928,,,
2025-07-13 20:35:00-04:00,0.011650335974991322,,,
2025-07-13 20:40:00-04:00,0.011919141747057438,,,
2025-07-13 20:45:00-04:00,0.012945747002959251,,,
2025-07-13 20:50:00-04:00,0.0123407868668437,,,
2025-07-13 20:55:00-04:00,0.011518401093780994,,,
2025-07-13 21:00:00-04:00,0.012035137042403221,,,
2025-07-13 21:05:00-04:00,0.011667652986943722,,,
2025-07-13 21:10:00-04:00,0.011492958292365074,,,
2025-07-13 21:15:00-04:00,0.01155257597565651,,,
2025-07-13 21:20:00-04:00,0.011565660126507282,,,
2025-07-13 21:25:00-04:00,0.012017074041068554,,,
2025-07-13 21:30:00-04:00,0.012659192085266113,,,
2025-07-13 21:35:00-04:00,0.012668554671108723,,,
2025-07-13 21:40:00-04:00,0.011915474198758602,,,
2025-07-13 21:45:00-04:00,0.012595947831869125,,,
2025-07-13 21:50:00-04:00,0.012452282011508942,,,
2025-07-13 21:55:00-04:00,0.012108753435313702,,,
2025-07-13 22:00:00-04:00,0.012352141551673412,,,
2025-07-13 22:05:00-04:00,0.012273215688765049,,,
2025-07-13 22:10:00-04:00,0.01200089044868946,,,
2025-07-13 22:15:00-04:00,0.012854846194386482,,,
2025-07-13 22:20:00-04:00,0.013136403635144234,,,
2025-07-13 22:25:00-04:00,0.05954058840870857,,,
2025-07-13 22:30:00-04:00,0.013034334406256676,,,
2025-07-13 22:35:00-04:00,0.01332492008805275,,,
2025-07-13 22:40:00-04:00,0.014166139997541904,,,
2025-07-13 22:45:00-04:00,0.014582039788365364,,,
2025-07-13 22:50:00-04:00,0.014364916831254959,,,
2025-07-13 22:55:00-04:00,0.013779086992144585,,,
2025-07-13 23:00:00-04:00,0.014116428792476654,,,
2025-07-13 23:05:00-04:00,0.014636670239269733,,,
2025-07-13 23:10:00-04:00,0.013977238908410072,,,
2025-07-13 23:15:00-04:00,0.015478710643947124,,,
2025-07-13 23:20:00-04:00,0.015174997970461845,,,
2025-07-13 23:25:00-04:00,0.015316519886255264,,,
2025-07-13 23:30:00-04:00,0.015454445965588093,,,
2025-07-13 23:35:00-04:00,0.01523907296359539,,,
2025-07-13 23:40:00-04:00,0.015506228432059288,,,
2025-07-13 23:45:00-04:00,0.01487669162452221,,,
2025-07-13 23:50:00-04:00,0.01658550091087818,,,
2025-07-13 23:55:00-04:00,0.016433555632829666,,,
2025-07-14 00:00:00-04:00,0.01660183258354664,,,
2025-07-14 00:05:00-04:00,0.016341935843229294,,,
2025-07-14 00:10:00-04:00,0.015716424211859703,,,
2025-07-14 00:15:00-04:00,0.016545532271265984,,,
2025-07-14 00:20:00-04:00,0.016222205013036728,,,
2025-07-14 00:55:00-04:00,0.063133105635643,,,
2025-07-14 01:00:00-04:00,0.017798271030187607,,,
2025-07-14 01:05:00-04:00,0.01848127506673336,,,
2025-07-14 01:10:00-04:00,0.01878931000828743,,,
2025-07-14 01:15:00-04:00,0.018322989344596863,,,
2025-07-14 01:20:00-04:00,0.018744591623544693,,,
2025-07-14 01:25:00-04:00,0.019747309386730194,,,
2025-07-14 01:30:00-04:00,0.019574014469981194,,,
2025-07-14 01:35:00-04:00,0.01900288835167885,,,
2025-07-14 01:40:00-04:00,0.01867946796119213,,,
2025-07-14 01:45:00-04:00,0.019783055409789085,,,
2025-07-14 01:50:00-04:00,0.019460609182715416,,,
2025-07-14 01:55:00-04:00,0.019587498158216476,,,
2025-07-14 02:00:00-04:00,0.0189456045627594,,,
2025-07-14 02:05:00-04:00,0.019936740398406982,,,
2025-07-14 02:10:00-04:00,0.022643672302365303,,,
2025-07-14 02:40:00-04:00,0.02897585555911064,,,
2025-07-14 02:45:00-04:00,0.020693261176347733,,,
2025-07-14 02:50:00-04:00,0.020361661911010742,,,
2025-07-14 02:55:00-04:00,0.019527677446603775,,,
2025-07-14 03:00:00-04:00,0.019562996923923492,,,
2025-07-14 03:05:00-04:00,0.01968333125114441,,,
2025-07-14 03:10:00-04:00,0.020501207560300827,,,
2025-07-14 03:15:00-04:00,0.02080310694873333,,,
2025-07-14 03:20:00-04:00,0.01941402442753315,,,
2025-07-14 03:25:00-04:00,0.01970246247947216,,,
2025-07-14 03:55:00-04:00,0.02187098003923893,,,
2025-07-14 04:00:00-04:00,0.021851107478141785,,,
2025-07-14 04:05:00-04:00,0.022425249218940735,,,
2025-07-14 04:10:00-04:00,0.020421570166945457,,,
2025-07-14 04:15:00-04:00,0.019807856529951096,,,
2025-07-14 04:20:00-04:00,0.02059834823012352,,,
2025-07-14 04:25:00-04:00,0.02100551128387451,,,
2025-07-14 04:30:00-04:00,0.020009402185678482,,,
2025-07-14 04:35:00-04:00,0.02113843336701393,,,
2025-07-14 04:40:00-04:00,0.021564988419413567,,,
2025-07-14 04:45:00-04:00,0.02119259536266327,,,
2025-07-14 04:50:00-04:00,0.021934136748313904,,,
2025-07-14 04:55:00-04:00,0.02132166363298893,,,
2025-07-14 05:00:00-04:00,0.021323155611753464,,,
2025-07-14 05:05:00-04:00,0.02192302793264389,,,
2025-07-14 05:10:00-04:00,0.021662475541234016,,,
2025-07-14 05:15:00-04:00,0.021317431703209877,,,
2025-07-14 05:20:00-04:00,0.021787621080875397,,,
2025-07-14 05:25:00-04:00,0.022288784384727478,,,
2025-07-14 05:30:00-04:00,0.022774713113904,,,
2025-07-14 05:35:00-04:00,0.0230996236205101,,,
2025-07-14 05:40:00-04:00,0.023139696568250656,,,
2025-07-14 05:45:00-04:00,0.02147672325372696,,,
2025-07-14 05:50:00-04:00,0.023059982806444168,,,
2025-07-14 05:55:00-04:00,0.06122430041432381,,,
2025-07-14 20:00:00-04:00,0.9023377895355225,,,
2025-07-14 20:05:00-04:00,0.7869040966033936,,,
2025-07-14 20:10:00-04:00,0.7433757781982422,,,
2025-07-14 20:15:00-04:00,0.8733110427856445,,,
2025-07-14 20:20:00-04:00,0.7730197906494141,,,
2025-07-14 20:25:00-04:00,1.0114645957946777,,,
2025-07-14 20:30:00-04:00,0.8244731426239014,,,
2025-07-14 20:35:00-04:00,0.7965817451477051,,,
2025-07-14 20:40:00-04:00,0.9112915992736816,,,
2025-07-14 20:45:00-04:00,0.9528045654296875,,,
2025-07-14 20:50:00-04:00,0.8957982063293457,,,
2025-07-14 20:55:00-04:00,0.8784613609313965,,,
2025-07-14 21:00:00-04:00,1.1355104446411133,,,
2025-07-14 21:05:00-04:00,0.804999828338623,,,
2025-07-14 21:10:00-04:00,0.8578624725341797,,,
2025-07-14 21:15:00-04:00,0.9975020885467529,,,
2025-07-14 21:20:00-04:00,0.8441591262817383,,,
2025-07-14 21:25:00-04:00,0.8427350521087646,,,
2025-07-14 21:30:00-04:00,0.8503994941711426,,,
2025-07-14 21:35:00-04:00,0.7859988212585449,,,
2025-07-14 21:40:00-04:00,0.8225598335266113,,,
2025-07-14 21:45:00-04:00,0.82747483253479,,,
2025-07-14 21:50:00-04:00,0.8524987697601318,,,
2025-07-14 21:55:00-04:00,0.8827633857727051,,,
2025-07-14 22:00:00-04:00,0.8897185325622559,,,
2025-07-14 22:05:00-04:00,0.8826990127563477,,,
2025-07-14 22:10:00-04:00,0.8309946060180664,,,
2025-07-14 22:15:00-04:00,0.8989896774291992,,,
2025-07-14 22:20:00-04:00,0.8545947074890137,,,
2025-07-14 22:25:00-04:00,0.9526362419128418,,,
2025-07-14 22:30:00-04:00,0.9305295944213867,,,
2025-07-14 22:35:00-04:00,1.2678518295288086,,,
2025-07-14 22:40:00-04:00,1.6268731355667114,,,
2025-07-14 22:45:00-04:00,1.2577595710754395,,,
2025-07-14 22:50:00-04:00,1.3574435710906982,,,
2025-07-14 22:55:00-04:00,1.250704288482666,,,
2025-07-14 23:00:00-04:00,0.8843364715576172,,,
2025-07-14 23:05:00-04:00,0.8376545906066895,,,
2025-07-14 23:10:00-04:00,0.7952167987823486,,,
2025-07-14 23:15:00-04:00,0.7622766494750977,,,
2025-07-14 23:20:00-04:00,0.9246706962585449,,,
2025-07-14 23:25:00-04:00,0.9472072124481201,,,
2025-07-14 23:30:00-04:00,0.9345552921295166,,,
2025-07-14 23:35:00-04:00,0.812946081161499,,,
2025-07-14 23:40:00-04:00,0.872685432434082,,,
2025-07-14 23:45:00-04:00,0.9580972194671631,,,
2025-07-14 23:50:00-04:00,0.7897384166717529,,,
2025-07-14 23:55:00-04:00,0.850200891494751,,,
2025-07-15 00:00:00-04:00,0.8479942083358765,,,
2025-07-15 00:05:00-04:00,0.8476579189300537,,,
2025-07-15 00:10:00-04:00,0.8489413261413574,,,
2025-07-15 00:40:00-04:00,0.5705697536468506,,,
2025-07-15 00:45:00-04:00,1.0530343055725098,,,
2025-07-15 00:50:00-04:00,1.0506017208099365,,,
2025-07-15 00:55:00-04:00,1.275458574295044,,,
2025-07-15 01:00:00-04:00,1.0429251194000244,,,
2025-07-15 01:05:00-04:00,1.0584098100662231,,,
2025-07-15 01:10:00-04:00,1.181699514389038,,,
2025-07-15 01:15:00-04:00,1.928841471672058,,,
2025-07-15 01:20:00-04:00,1.7981877326965332,,,
2025-07-15 01:25:00-04:00,1.0872782468795776,,,
2025-07-15 01:30:00-04:00,0.8638489246368408,,,
2025-07-15 01:35:00-04:00,1.0048366785049438,,,
2025-07-15 01:40:00-04:00,1.332147240638733,,,
2025-07-15 01:45:00-04:00,1.342088222503662,,,
2025-07-15 01:50:00-04:00,1.365342617034912,,,
2025-07-15 01:55:00-04:00,0.9873934984207153,,,
2025-07-15 02:00:00-04:00,1.0340497493743896,,,
2025-07-15 02:05:00-04:00,1.186002492904663,,,
2025-07-15 02:10:00-04:00,0.967261552810669,,,
2025-07-15 02:15:00-04:00,1.178574800491333,,,
2025-07-15 02:20:00-04:00,1.184195637702942,,,
2025-07-15 02:25:00-04:00,1.1986981630325317,,,
2025-07-15 02:30:00-04:00,1.3338255882263184,,,
2025-07-15 02:35:00-04:00,1.186113953590393,,,
2025-07-15 02:40:00-04:00,0.9603819847106934,,,
2025-07-15 02:45:00-04:00,0.9255105257034302,,,
2025-07-15 02:50:00-04:00,1.0499179363250732,,,
2025-07-15 02:55:00-04:00,1.109602689743042,,,
2025-07-15 03:00:00-04:00,0.9698635339736938,,,
2025-07-15 03:05:00-04:00,0.9045143127441406,,,
2025-07-15 03:10:00-04:00,0.8721497058868408,,,
2025-07-15 03:15:00-04:00,0.9753607511520386,,,
2025-07-15 03:20:00-04:00,0.8350119590759277,,,
2025-07-15 03:25:00-04:00,0.8955274820327759,,,
2025-07-15 03:30:00-04:00,0.810538649559021,,,
2025-07-15 03:35:00-04:00,0.7718892097473145,,,
2025-07-15 03:40:00-04:00,0.8448426723480225,,,
2025-07-15 03:45:00-04:00,0.8348701000213623,,,
2025-07-15 03:50:00-04:00,0.7181985378265381,,,
2025-07-15 03:55:00-04:00,0.7744272947311401,,,
2025-07-15 04:00:00-04:00,0.8175818920135498,,,
2025-07-15 04:05:00-04:00,0.7620055675506592,,,
2025-07-15 04:10:00-04:00,0.8779065608978271,,,
2025-07-15 04:15:00-04:00,0.7975337505340576,,,
2025-07-15 04:20:00-04:00,0.8300820589065552,,,
2025-07-15 04:25:00-04:00,0.8926937580108643,,,
2025-07-15 04:30:00-04:00,0.893951416015625,,,
2025-07-15 04:35:00-04:00,0.9077539443969727,,,
2025-07-15 04:40:00-04:00,0.904597282409668,,,
2025-07-15 04:45:00-04:00,0.9806241989135742,,,
2025-07-15 04:50:00-04:00,0.8173806667327881,,,
2025-07-15 04:55:00-04:00,0.8752895593643188,,,
2025-07-15 05:00:00-04:00,0.6990134716033936,,,
2025-07-15 05:05:00-04:00,0.8195357322692871,,,
2025-07-15 05:10:00-04:00,0.8949023485183716,,,
2025-07-15 05:15:00-04:00,0.9139753580093384,,,
2025-07-15 05:20:00-04:00,0.9630821943283081,,,
2025-07-15 05:25:00-04:00,1.2912126779556274,,,
2025-07-15 05:30:00-04:00,0.9707472920417786,,,
2025-07-15 05:35:00-04:00,1.3385937213897705,,,
2025-07-15 05:40:00-04:00,1.2949731349945068,,,
2025-07-15 05:45:00-04:00,0.41126763820648193,,,
2025-07-15 05:50:00-04:00,0.11510215699672699,,,
2025-07-15 05:55:00-04:00,0.062418315559625626,,,
2025-07-15 20:00:00-04:00,1.401218056678772,,,
2025-07-15 20:05:00-04:00,1.0578727722167969,,,
2025-07-15 20:10:00-04:00,1.6438121795654297,,,
2025-07-15 20:15:00-04:00,1.6462090015411377,,,
2025-07-15 20:20:00-04:00,1.4771060943603516,,,
2025-07-15 20:25:00-04:00,1.2347748279571533,,,
2025-07-15 20:30:00-04:00,0.9833025932312012,,,
2025-07-15 20:35:00-04:00,1.395185947418213,,,
2025-07-15 20:40:00-04:00,1.5751891136169434,,,
2025-07-15 20:45:00-04:00,1.9010781049728394,,,
2025-07-15 20:50:00-04:00,1.979461669921875,,,
2025-07-15 20:55:00-04:00,1.2449684143066406,,,
2025-07-15 21:00:00-04:00,1.1235485076904297,,,
2025-07-15 21:05:00-04:00,1.1995867490768433,,,
2025-07-15 21:10:00-04:00,0.7545775771141052,,,
2025-07-15 21:15:00-04:00,0.445978581905365,,,
2025-07-15 21:20:00-04:00,0.268674373626709,,,
2025-07-15 21:25:00-04:00,0.21875107288360596,,,
2025-07-15 21:30:00-04:00,0.21165072917938232,,,
2025-07-15 21:35:00-04:00,0.11475896835327148,,,
2025-07-15 21:40:00-04:00,0.02860654518008232,,,
2025-07-15 21:45:00-04:00,0.05210272967815399,,,
2025-07-15 21:50:00-04:00,0.054653141647577286,,,
2025-07-15 21:55:00-04:00,0.0220748633146286,,,
2025-07-15 22:00:00-04:00,0.02288612350821495,,,
2025-07-15 22:05:00-04:00,0.046046867966651917,,,
2025-07-15 22:10:00-04:00,0.0337996631860733,,,
2025-07-15 22:15:00-04:00,0.08668068051338196,,,
2025-07-15 22:20:00-04:00,0.08131326735019684,,,
2025-07-15 22:25:00-04:00,0.02795419842004776,,,
2025-07-15 22:30:00-04:00,0.02303117886185646,,,
2025-07-15 22:35:00-04:00,0.019619934260845184,,,
2025-07-15 22:40:00-04:00,0.01642688177525997,,,
2025-07-15 22:45:00-04:00,0.014225168153643608,,,
2025-07-15 22:50:00-04:00,0.013757318258285522,,,
2025-07-15 22:55:00-04:00,0.013853296637535095,,,
2025-07-15 23:00:00-04:00,0.013787775300443172,,,
2025-07-15 23:05:00-04:00,0.013744235038757324,,,
2025-07-15 23:10:00-04:00,0.013720821589231491,,,
2025-07-15 23:15:00-04:00,0.013957164250314236,,,
2025-07-15 23:20:00-04:00,0.014143852517008781,,,
2025-07-15 23:25:00-04:00,0.013556488789618015,,,
2025-07-15 23:30:00-04:00,0.015186644159257412,,,
2025-07-15 23:35:00-04:00,0.014241918921470642,,,
2025-07-15 23:40:00-04:00,0.014970587566494942,,,
2025-07-15 23:45:00-04:00,0.01454206183552742,,,
2025-07-15 23:50:00-04:00,0.014701598323881626,,,
2025-07-15 23:55:00-04:00,0.015309406444430351,,,
2025-07-16 00:00:00-04:00,0.016253646463155746,,,
2025-07-16 00:05:00-04:00,0.014533228240907192,,,
2025-07-16 00:10:00-04:00,0.014918694272637367,,,
2025-07-16 00:15:00-04:00,0.014633288607001305,,,
2025-07-16 00:20:00-04:00,0.0143539197742939,,,
2025-07-16 00:25:00-04:00,0.014092076569795609,,,
2025-07-16 00:30:00-04:00,0.014153596013784409,,,
2025-07-16 00:35:00-04:00,0.013946857303380966,,,
2025-07-16 00:40:00-04:00,0.014167876914143562,,,
2025-07-16 00:45:00-04:00,0.014861070550978184,,,
2025-07-16 00:50:00-04:00,0.014747650362551212,,,
2025-07-16 00:55:00-04:00,0.014667902141809464,,,
2025-07-16 01:00:00-04:00,0.015396161004900932,,,
2025-07-16 01:05:00-04:00,0.014944903552532196,,,
2025-07-16 01:10:00-04:00,0.015054939314723015,,,
2025-07-16 01:15:00-04:00,0.01550379116088152,,,
2025-07-16 01:20:00-04:00,0.015493176877498627,,,
2025-07-16 01:25:00-04:00,0.014910964295268059,,,
2025-07-16 01:30:00-04:00,0.015454614534974098,,,
2025-07-16 01:35:00-04:00,0.015407189726829529,,,
2025-07-16 01:40:00-04:00,0.01653379388153553,,,
2025-07-16 01:45:00-04:00,0.016372093930840492,,,
2025-07-16 01:50:00-04:00,0.016103271394968033,,,
2025-07-16 01:55:00-04:00,0.01634279638528824,,,
2025-07-16 02:00:00-04:00,0.0156497061252594,,,
2025-07-16 02:05:00-04:00,0.0161728672683239,,,
2025-07-16 02:10:00-04:00,0.016478626057505608,,,
2025-07-16 02:15:00-04:00,0.015565810725092888,,,
2025-07-16 02:20:00-04:00,0.017124049365520477,,,
2025-07-16 02:25:00-04:00,0.018496261909604073,,,
2025-07-16 02:30:00-04:00,0.017102163285017014,,,
2025-07-16 02:35:00-04:00,0.018332589417696,,,
2025-07-16 02:40:00-04:00,0.01684342697262764,,,
2025-07-16 02:45:00-04:00,0.017704792320728302,,,
2025-07-16 02:50:00-04:00,0.019223038107156754,,,
2025-07-16 02:55:00-04:00,0.019895492121577263,,,
2025-07-16 03:00:00-04:00,0.01841859333217144,,,
2025-07-16 03:05:00-04:00,0.019203204661607742,,,
2025-07-16 03:10:00-04:00,0.018348218873143196,,,
2025-07-16 03:15:00-04:00,0.017917653545737267,,,
2025-07-16 03:20:00-04:00,0.019729573279619217,,,
2025-07-16 03:25:00-04:00,0.019967686384916306,,,
2025-07-16 03:30:00-04:00,0.019320324063301086,,,
2025-07-16 03:35:00-04:00,0.018247433006763458,,,
2025-07-16 03:40:00-04:00,0.020225614309310913,,,
2025-07-16 03:45:00-04:00,0.020187970250844955,,,
2025-07-16 03:50:00-04:00,0.01963668502867222,,,
2025-07-16 03:55:00-04:00,0.019727088510990143,,,
2025-07-16 04:00:00-04:00,0.01970725506544113,,,
2025-07-16 04:05:00-04:00,0.019365519285202026,,,
2025-07-16 04:10:00-04:00,0.01997281238436699,,,
2025-07-16 04:15:00-04:00,0.02043287456035614,,,
2025-07-16 04:20:00-04:00,0.019744209945201874,,,
2025-07-16 04:25:00-04:00,0.020882178097963333,,,
2025-07-16 04:30:00-04:00,0.019977226853370667,,,
2025-07-16 04:35:00-04:00,0.02079867199063301,,,
2025-07-16 04:40:00-04:00,0.020810212939977646,,,
2025-07-16 04:45:00-04:00,0.019605614244937897,,,
2025-07-16 04:50:00-04:00,0.020280230790376663,,,
2025-07-16 04:55:00-04:00,0.019421981647610664,,,
2025-07-16 05:00:00-04:00,0.021476594731211662,,,
2025-07-16 05:05:00-04:00,0.020338598638772964,,,
2025-07-16 05:10:00-04:00,0.021501023322343826,,,
2025-07-16 05:15:00-04:00,0.022934339940547943,,,
2025-07-16 05:20:00-04:00,0.022136136889457703,,,
2025-07-16 05:25:00-04:00,0.023737236857414246,,,
2025-07-16 05:30:00-04:00,0.024414535611867905,,,
2025-07-16 05:35:00-04:00,0.02297983318567276,,,
2025-07-16 05:40:00-04:00,0.022712979465723038,,,
2025-07-16 05:45:00-04:00,0.022046871483325958,,,
2025-07-16 05:50:00-04:00,0.022724967449903488,,,
2025-07-16 05:55:00-04:00,0.023035813122987747,,,
2025-07-16 20:00:00-04:00,0.011277575977146626,,,
2025-07-16 20:05:00-04:00,0.011511179618537426,,,
2025-07-16 20:10:00-04:00,0.011403415352106094,,,
2025-07-16 20:15:00-04:00,0.011556238867342472,,,
2025-07-16 20:20:00-04:00,0.011444898322224617,,,
2025-07-16 20:25:00-04:00,0.011511759832501411,,,
2025-07-16 20:30:00-04:00,0.012062632478773594,,,
2025-07-16 20:35:00-04:00,0.012263515964150429,,,
2025-07-16 20:40:00-04:00,0.012463580816984177,,,
2025-07-16 20:45:00-04:00,0.012736628763377666,,,
2025-07-16 20:50:00-04:00,0.013002428226172924,,,
2025-07-16 20:55:00-04:00,0.012146716937422752,,,
2025-07-16 21:00:00-04:00,0.01286563090980053,,,
2025-07-16 21:05:00-04:00,0.012881302274763584,,,
2025-07-16 21:10:00-04:00,0.013507090508937836,,,
2025-07-16 21:15:00-04:00,0.013382996432483196,,,
2025-07-16 21:20:00-04:00,0.01321234367787838,,,
2025-07-16 21:25:00-04:00,0.01284587662667036,,,
2025-07-16 21:30:00-04:00,0.012981267645955086,,,
2025-07-16 21:35:00-04:00,0.012479337863624096,,,
2025-07-16 21:40:00-04:00,0.01269096415489912,,,
2025-07-16 21:45:00-04:00,0.012118566781282425,,,
2025-07-16 21:50:00-04:00,0.013050016015768051,,,
2025-07-16 21:55:00-04:00,0.012164880521595478,,,
2025-07-16 22:00:00-04:00,0.012424319982528687,,,
2025-07-16 22:05:00-04:00,0.012673548422753811,,,
2025-07-16 22:10:00-04:00,0.011979987844824791,,,
2025-07-16 22:15:00-04:00,0.012169976718723774,,,
2025-07-16 22:20:00-04:00,0.011831525713205338,,,
2025-07-16 22:25:00-04:00,0.011824071407318115,,,
2025-07-16 22:30:00-04:00,0.012327744625508785,,,
2025-07-16 22:35:00-04:00,0.012247398495674133,,,
2025-07-16 22:40:00-04:00,0.012091249227523804,,,
2025-07-16 22:45:00-04:00,0.012310512363910675,,,
2025-07-16 22:50:00-04:00,0.012275733053684235,,,
2025-07-16 22:55:00-04:00,0.01224503293633461,,,
2025-07-16 23:00:00-04:00,0.012056319043040276,,,
2025-07-16 23:05:00-04:00,0.011492540128529072,,,
2025-07-16 23:10:00-04:00,0.012153415940701962,,,
2025-07-16 23:15:00-04:00,0.011613905429840088,,,
2025-07-16 23:20:00-04:00,0.01224557962268591,,,
2025-07-16 23:25:00-04:00,0.011999785900115967,,,
2025-07-16 23:30:00-04:00,0.011811651289463043,,,
2025-07-16 23:35:00-04:00,0.011647271923720837,,,
2025-07-16 23:40:00-04:00,0.01181536354124546,,,
2025-07-16 23:45:00-04:00,0.01188457291573286,,,
2025-07-16 23:50:00-04:00,0.011867227964103222,,,
2025-07-16 23:55:00-04:00,0.012443644925951958,,,
2025-07-17 00:00:00-04:00,0.012481354176998138,,,
2025-07-17 00:05:00-04:00,0.011780435219407082,,,
2025-07-17 00:10:00-04:00,0.011636579409241676,,,
2025-07-17 00:15:00-04:00,0.012143600732088089,,,
2025-07-17 00:20:00-04:00,0.012477298267185688,,,
2025-07-17 00:25:00-04:00,0.012045430019497871,,,
2025-07-17 00:30:00-04:00,0.012051851488649845,,,
2025-07-17 00:35:00-04:00,0.012582257390022278,,,
2025-07-17 00:40:00-04:00,0.01257973164319992,,,
2025-07-17 00:45:00-04:00,0.012611955404281616,,,
2025-07-17 00:50:00-04:00,0.012280961498618126,,,
2025-07-17 00:55:00-04:00,0.012477350421249866,,,
2025-07-17 01:00:00-04:00,0.013224353082478046,,,
2025-07-17 01:05:00-04:00,0.013673321343958378,,,
2025-07-17 01:10:00-04:00,0.012916038744151592,,,
2025-07-17 01:15:00-04:00,0.012915164232254028,,,
2025-07-17 01:20:00-04:00,0.012737772427499294,,,
2025-07-17 01:25:00-04:00,0.012309782207012177,,,
2025-07-17 01:30:00-04:00,0.012553483247756958,,,
2025-07-17 01:35:00-04:00,0.01288799848407507,,,
2025-07-17 01:40:00-04:00,0.012921697460114956,,,
2025-07-17 01:45:00-04:00,0.012897582724690437,,,
2025-07-17 01:50:00-04:00,0.013474809005856514,,,
2025-07-17 01:55:00-04:00,0.013046570122241974,,,
2025-07-17 02:00:00-04:00,0.013724778778851032,,,
2025-07-17 02:05:00-04:00,0.014136997051537037,,,
2025-07-17 02:10:00-04:00,0.013390484265983105,,,
2025-07-17 02:15:00-04:00,0.013758908957242966,,,
2025-07-17 02:20:00-04:00,0.014367646537721157,,,
2025-07-17 02:25:00-04:00,0.014215192757546902,,,
2025-07-17 02:30:00-04:00,0.013800375163555145,,,
2025-07-17 02:35:00-04:00,0.013746299780905247,,,
2025-07-17 02:40:00-04:00,0.01420432049781084,,,
2025-07-17 02:45:00-04:00,0.014631764963269234,,,
2025-07-17 02:50:00-04:00,0.014112712815403938,,,
2025-07-17 02:55:00-04:00,0.013830907642841339,,,
2025-07-17 03:00:00-04:00,0.013420889154076576,,,
2025-07-17 03:05:00-04:00,0.013193019665777683,,,
2025-07-17 03:10:00-04:00,0.01355748437345028,,,
2025-07-17 03:15:00-04:00,0.013960199430584908,,,
2025-07-17 03:20:00-04:00,0.01360430009663105,,,
2025-07-17 03:25:00-04:00,0.013726657256484032,,,
2025-07-17 03:30:00-04:00,0.014157393015921116,,,
2025-07-17 03:35:00-04:00,0.014282844960689545,,,
2025-07-17 03:40:00-04:00,0.014152547344565392,,,
2025-07-17 03:45:00-04:00,0.014445021748542786,,,
2025-07-17 03:50:00-04:00,0.014939676970243454,,,
2025-07-17 03:55:00-04:00,0.01456866692751646,,,
2025-07-17 04:00:00-04:00,0.014453757554292679,,,
2025-07-17 04:05:00-04:00,0.014610623009502888,,,
2025-07-17 04:10:00-04:00,0.014657566323876381,,,
2025-07-17 04:15:00-04:00,0.014746281318366528,,,
2025-07-17 04:20:00-04:00,0.015409613028168678,,,
2025-07-17 04:25:00-04:00,0.014664147980511189,,,
2025-07-17 04:30:00-04:00,0.015123726800084114,,,
2025-07-17 04:35:00-04:00,0.014111544005572796,,,
2025-07-17 04:40:00-04:00,0.015013285912573338,,,
2025-07-17 04:45:00-04:00,0.014078792184591293,,,
2025-07-17 04:50:00-04:00,0.014395693317055702,,,
2025-07-17 04:55:00-04:00,0.01505388505756855,,,
2025-07-17 05:00:00-04:00,0.015458587557077408,,,
2025-07-17 05:05:00-04:00,0.016130708158016205,,,
2025-07-17 05:10:00-04:00,0.016762953251600266,,,
2025-07-17 05:15:00-04:00,0.015829887241125107,,,
2025-07-17 05:20:00-04:00,0.01667376421391964,,,
2025-07-17 05:25:00-04:00,0.01698346622288227,,,
2025-07-17 05:30:00-04:00,0.016233112663030624,,,
2025-07-17 05:35:00-04:00,0.01549932174384594,,,
2025-07-17 05:40:00-04:00,0.016226381063461304,,,
2025-07-17 05:45:00-04:00,0.01496095396578312,,,
2025-07-17 05:50:00-04:00,0.014314847066998482,,,
2025-07-17 05:55:00-04:00,0.014681368134915829,,,
2025-07-17 20:00:00-04:00,0.03305050730705261,,,
2025-07-17 20:05:00-04:00,0.07523975521326065,,,
2025-07-17 20:10:00-04:00,0.03211330249905586,,,
2025-07-17 20:15:00-04:00,0.0293857641518116,,,
2025-07-17 20:20:00-04:00,0.030134767293930054,,,
2025-07-17 20:25:00-04:00,0.03087402693927288,,,
2025-07-17 20:30:00-04:00,0.03116575814783573,,,
2025-07-17 20:35:00-04:00,0.03138328343629837,,,
2025-07-17 20:40:00-04:00,0.030476965010166168,,,
2025-07-17 20:45:00-04:00,0.031544532626867294,,,
2025-07-17 20:50:00-04:00,0.03049876168370247,,,
2025-07-17 20:55:00-04:00,0.0300594512373209,,,
2025-07-17 21:00:00-04:00,0.03169197589159012,,,
2025-07-17 21:05:00-04:00,0.029605749994516373,,,
2025-07-17 21:10:00-04:00,0.030221909284591675,,,
2025-07-17 21:15:00-04:00,0.030376356095075607,,,
2025-07-17 21:20:00-04:00,0.02916417457163334,,,
2025-07-17 21:25:00-04:00,0.02809090167284012,,,
2025-07-17 21:30:00-04:00,0.02874138206243515,,,
2025-07-17 21:35:00-04:00,0.02897302620112896,,,
2025-07-17 21:40:00-04:00,0.028689110651612282,,,
2025-07-17 21:45:00-04:00,0.02814539149403572,,,
2025-07-17 21:50:00-04:00,0.028044231235980988,,,
2025-07-17 21:55:00-04:00,0.028749553486704826,,,
2025-07-17 22:00:00-04:00,0.02786264941096306,,,
2025-07-17 22:05:00-04:00,0.028076091781258583,,,
2025-07-17 22:10:00-04:00,0.028325418010354042,,,
2025-07-17 22:15:00-04:00,0.02786894328892231,,,
2025-07-17 22:20:00-04:00,0.028340555727481842,,,
2025-07-17 22:25:00-04:00,0.02944263257086277,,,
2025-07-17 22:30:00-04:00,0.029102597385644913,,,
2025-07-17 22:35:00-04:00,0.02842058055102825,,,
2025-07-17 22:40:00-04:00,0.026390675455331802,,,
2025-07-17 22:45:00-04:00,0.02681323140859604,,,
2025-07-17 22:50:00-04:00,0.02743077091872692,,,
2025-07-17 22:55:00-04:00,0.02800312079489231,,,
2025-07-17 23:00:00-04:00,0.02691051736474037,,,
2025-07-17 23:05:00-04:00,0.028263354673981667,,,
2025-07-17 23:10:00-04:00,0.027369558811187744,,,
2025-07-17 23:15:00-04:00,0.027719799429178238,,,
2025-07-17 23:20:00-04:00,0.02699512057006359,,,
2025-07-17 23:25:00-04:00,0.027648918330669403,,,
2025-07-17 23:30:00-04:00,0.02701037935912609,,,
2025-07-17 23:35:00-04:00,0.027692224830389023,,,
2025-07-17 23:40:00-04:00,0.028689522296190262,,,
2025-07-17 23:45:00-04:00,0.029478199779987335,,,
2025-07-17 23:50:00-04:00,0.029660284519195557,,,
2025-07-17 23:55:00-04:00,0.028694529086351395,,,
2025-07-18 00:00:00-04:00,0.028073765337467194,,,
2025-07-18 00:05:00-04:00,0.028814971446990967,,,
2025-07-18 00:10:00-04:00,0.029499899595975876,,,
2025-07-18 00:15:00-04:00,0.028851132839918137,,,
2025-07-18 00:20:00-04:00,0.029482636600732803,,,
2025-07-18 00:25:00-04:00,0.030351299792528152,,,
2025-07-18 00:30:00-04:00,0.030516883358359337,,,
2025-07-18 00:35:00-04:00,0.03135773912072182,,,
2025-07-18 00:40:00-04:00,0.03184130787849426,,,
2025-07-18 00:45:00-04:00,0.03218921646475792,,,
2025-07-18 00:50:00-04:00,0.03128528594970703,,,
2025-07-18 00:55:00-04:00,0.03289206698536873,,,
2025-07-18 01:00:00-04:00,0.03240728750824928,,,
2025-07-18 01:05:00-04:00,0.06190625578165054,,,
2025-07-18 01:10:00-04:00,0.03125021234154701,,,
2025-07-18 01:15:00-04:00,0.0323646254837513,,,
2025-07-18 01:20:00-04:00,0.032720327377319336,,,
2025-07-18 01:25:00-04:00,0.03211159631609917,,,
2025-07-18 01:30:00-04:00,0.0317135751247406,,,
2025-07-18 01:35:00-04:00,0.033645711839199066,,,
2025-07-18 01:40:00-04:00,0.03420965000987053,,,
2025-07-18 01:45:00-04:00,0.034268029034137726,,,
2025-07-18 01:50:00-04:00,0.03295588120818138,,,
2025-07-18 01:55:00-04:00,0.0332363024353981,,,
2025-07-18 02:00:00-04:00,0.033498942852020264,,,
2025-07-18 02:05:00-04:00,0.03359460085630417,,,
2025-07-18 02:10:00-04:00,0.03526423126459122,,,
2025-07-18 02:15:00-04:00,0.035120248794555664,,,
2025-07-18 02:20:00-04:00,0.03421441465616226,,,
2025-07-18 02:25:00-04:00,0.03414437174797058,,,
2025-07-18 02:30:00-04:00,0.035851217806339264,,,
2025-07-18 02:35:00-04:00,0.03682388737797737,,,
2025-07-18 02:40:00-04:00,0.03627520799636841,,,
2025-07-18 02:45:00-04:00,0.03717039152979851,,,
2025-07-18 02:50:00-04:00,0.03658866509795189,,,
2025-07-18 02:55:00-04:00,0.03616364672780037,,,
2025-07-18 03:00:00-04:00,0.03617306426167488,,,
2025-07-18 03:05:00-04:00,0.035888995975255966,,,
2025-07-18 03:10:00-04:00,0.03612540662288666,,,
2025-07-18 03:15:00-04:00,0.03633568808436394,,,
2025-07-18 03:20:00-04:00,0.03520394116640091,,,
2025-07-18 03:25:00-04:00,0.03417712077498436,,,
2025-07-18 03:30:00-04:00,0.03418492525815964,,,
2025-07-18 03:35:00-04:00,0.03542711213231087,,,
2025-07-18 03:40:00-04:00,0.035125769674777985,,,
2025-07-18 03:45:00-04:00,0.03634701296687126,,,
2025-07-18 03:50:00-04:00,0.03591030836105347,,,
2025-07-18 03:55:00-04:00,0.03672325611114502,,,
2025-07-18 04:00:00-04:00,0.036039553582668304,,,
2025-07-18 04:05:00-04:00,0.03489959239959717,,,
2025-07-18 04:10:00-04:00,0.03508167713880539,,,
2025-07-18 04:15:00-04:00,0.03461573272943497,,,
2025-07-18 04:20:00-04:00,0.036292482167482376,,,
2025-07-18 04:25:00-04:00,0.03379105031490326,,,
2025-07-18 04:30:00-04:00,0.035050828009843826,,,
2025-07-18 04:35:00-04:00,0.035276759415864944,,,
2025-07-18 04:40:00-04:00,0.03506750985980034,,,
2025-07-18 04:45:00-04:00,0.03394315019249916,,,
2025-07-18 04:50:00-04:00,0.03364890068769455,,,
2025-07-18 04:55:00-04:00,0.032383907586336136,,,
2025-07-18 05:00:00-04:00,0.03177077695727348,,,
2025-07-18 05:05:00-04:00,0.032716039568185806,,,
2025-07-18 05:10:00-04:00,0.031836193054914474,,,
2025-07-18 05:15:00-04:00,0.030486539006233215,,,
2025-07-18 05:20:00-04:00,0.029934365302324295,,,
2025-07-18 05:25:00-04:00,0.028976310044527054,,,
2025-07-18 05:30:00-04:00,0.02988978661596775,,,
2025-07-18 05:35:00-04:00,0.02841304801404476,,,
2025-07-18 05:40:00-04:00,0.03020278736948967,,,
2025-07-18 05:45:00-04:00,0.029959360137581825,,,
2025-07-18 05:50:00-04:00,0.030027078464627266,,,
2025-07-18 05:55:00-04:00,0.03248147293925285,,,
2025-07-18 20:00:00-04:00,0.03497506305575371,,,
2025-07-18 20:05:00-04:00,0.035932496190071106,,,
2025-07-18 20:10:00-04:00,0.03387800231575966,,,
2025-07-18 20:15:00-04:00,0.034262776374816895,,,
2025-07-18 20:20:00-04:00,0.03382464125752449,,,
2025-07-18 20:25:00-04:00,0.0743788480758667,,,
2025-07-18 20:30:00-04:00,0.03445938974618912,,,
2025-07-18 20:35:00-04:00,0.03511111065745354,,,
2025-07-18 20:40:00-04:00,0.034885093569755554,,,
2025-07-18 20:45:00-04:00,0.035641249269247055,,,
2025-07-18 20:50:00-04:00,0.03485799580812454,,,
2025-07-18 20:55:00-04:00,0.03480202332139015,,,
2025-07-18 21:00:00-04:00,0.03386580944061279,,,
2025-07-18 21:05:00-04:00,0.033906061202287674,,,
2025-07-18 21:10:00-04:00,0.03425993770360947,,,
2025-07-18 21:15:00-04:00,0.03427256643772125,,,
2025-07-18 21:20:00-04:00,0.03360651060938835,,,
2025-07-18 21:25:00-04:00,0.033077239990234375,,,
2025-07-18 21:30:00-04:00,0.03371724858880043,,,
2025-07-18 21:35:00-04:00,0.0330563522875309,,,
2025-07-18 21:40:00-04:00,0.03264923393726349,,,
2025-07-18 21:45:00-04:00,0.03266974911093712,,,
2025-07-18 21:50:00-04:00,0.032152704894542694,,,
2025-07-18 21:55:00-04:00,0.03322078287601471,,,
2025-07-18 22:00:00-04:00,0.032963741570711136,,,
2025-07-18 22:05:00-04:00,0.033428486436605453,,,
2025-07-18 22:10:00-04:00,0.033520396798849106,,,
2025-07-18 22:15:00-04:00,0.03452496975660324,,,
2025-07-18 22:20:00-04:00,0.034826505929231644,,,
2025-07-18 22:25:00-04:00,0.03413701429963112,,,
2025-07-18 22:30:00-04:00,0.03322245925664902,,,
2025-07-18 22:35:00-04:00,0.032803941518068314,,,
2025-07-18 22:40:00-04:00,0.0326581634581089,,,
2025-07-18 22:45:00-04:00,0.033701371401548386,,,
2025-07-18 22:50:00-04:00,0.0321388766169548,,,
2025-07-18 22:55:00-04:00,0.03398842737078667,,,
2025-07-18 23:00:00-04:00,0.03401775658130646,,,
2025-07-18 23:05:00-04:00,0.03303417190909386,,,
2025-07-18 23:10:00-04:00,0.03337686508893967,,,
2025-07-18 23:15:00-04:00,0.03248018026351929,,,
2025-07-18 23:20:00-04:00,0.03278622403740883,,,
2025-07-18 23:25:00-04:00,0.03173093870282173,,,
2025-07-18 23:30:00-04:00,0.03270119056105614,,,
2025-07-18 23:35:00-04:00,0.03312917798757553,,,
2025-07-18 23:40:00-04:00,0.0327107310295105,,,
2025-07-18 23:45:00-04:00,0.033210389316082,,,
2025-07-18 23:50:00-04:00,0.031504590064287186,,,
2025-07-18 23:55:00-04:00,0.03193714842200279,,,
2025-07-19 00:00:00-04:00,0.031205687671899796,,,
2025-07-19 00:05:00-04:00,0.03016531839966774,,,
2025-07-19 00:10:00-04:00,0.02871330827474594,,,
2025-07-19 00:15:00-04:00,0.02879146859049797,,,
2025-07-19 00:20:00-04:00,0.029448069632053375,,,
2025-07-19 00:25:00-04:00,0.02808486856520176,,,
2025-07-19 00:30:00-04:00,0.0280278529971838,,,
2025-07-19 00:35:00-04:00,0.028987783938646317,,,
2025-07-19 00:40:00-04:00,0.02866731956601143,,,
2025-07-19 00:45:00-04:00,0.02684292197227478,,,
2025-07-19 00:50:00-04:00,0.027223095297813416,,,
2025-07-19 00:55:00-04:00,0.02835162915289402,,,
2025-07-19 01:00:00-04:00,0.027170199900865555,,,
2025-07-19 01:05:00-04:00,0.025364847853779793,,,
2025-07-19 01:10:00-04:00,0.025903835892677307,,,
2025-07-19 01:15:00-04:00,0.027019955217838287,,,
2025-07-19 01:20:00-04:00,0.026906151324510574,,,
2025-07-19 01:25:00-04:00,0.027360210195183754,,,
2025-07-19 01:30:00-04:00,0.025820372626185417,,,
2025-07-19 01:35:00-04:00,0.026082608848810196,,,
2025-07-19 01:40:00-04:00,0.025170084089040756,,,
2025-07-19 01:45:00-04:00,0.02458054944872856,,,
2025-07-19 01:50:00-04:00,0.024924784898757935,,,
2025-07-19 01:55:00-04:00,0.024772830307483673,,,
2025-07-19 02:00:00-04:00,0.023507196456193924,,,
2025-07-19 02:05:00-04:00,0.024912428110837936,,,
2025-07-19 02:10:00-04:00,0.02425525337457657,,,
2025-07-19 02:15:00-04:00,0.06245129555463791,,,
2025-07-19 02:20:00-04:00,0.02208465337753296,,,
2025-07-19 02:25:00-04:00,0.023826224729418755,,,
2025-07-19 02:30:00-04:00,0.023638876155018806,,,
2025-07-19 02:35:00-04:00,0.023372404277324677,,,
2025-07-19 02:40:00-04:00,0.022889457643032074,,,
2025-07-19 02:45:00-04:00,0.022793076932430267,,,
2025-07-19 02:50:00-04:00,0.022848116233944893,,,
2025-07-19 02:55:00-04:00,0.02145114168524742,,,
2025-07-19 03:00:00-04:00,0.021592628210783005,,,
2025-07-19 03:05:00-04:00,0.021278366446495056,,,
2025-07-19 03:10:00-04:00,0.02002210170030594,,,
2025-07-19 03:15:00-04:00,0.060282960534095764,,,
2025-07-19 03:20:00-04:00,0.018333805724978447,,,
2025-07-19 03:25:00-04:00,0.01809684745967388,,,
2025-07-19 03:30:00-04:00,0.018522892147302628,,,
2025-07-19 03:35:00-04:00,0.018582334741950035,,,
2025-07-19 03:40:00-04:00,0.019770951941609383,,,
2025-07-19 03:45:00-04:00,0.01983688957989216,,,
2025-07-19 03:50:00-04:00,0.0184065792709589,,,
2025-07-19 03:55:00-04:00,0.018675457686185837,,,
2025-07-19 04:00:00-04:00,0.018327971920371056,,,
2025-07-19 04:05:00-04:00,0.018051041290163994,,,
2025-07-19 04:10:00-04:00,0.017404265701770782,,,
2025-07-19 04:15:00-04:00,0.018394263461232185,,,
2025-07-19 04:20:00-04:00,0.018257251009345055,,,
2025-07-19 04:25:00-04:00,0.017357995733618736,,,
2025-07-19 04:30:00-04:00,0.01699179969727993,,,
2025-07-19 04:35:00-04:00,0.01779528521001339,,,
2025-07-19 04:40:00-04:00,0.01808793470263481,,,
2025-07-19 04:45:00-04:00,0.017089644446969032,,,
2025-07-19 04:50:00-04:00,0.01690184883773327,,,
2025-07-19 04:55:00-04:00,0.01691354811191559,,,
2025-07-19 05:00:00-04:00,0.01716841571033001,,,
2025-07-19 05:05:00-04:00,0.015936635434627533,,,
2025-07-19 05:10:00-04:00,0.015214935876429081,,,
2025-07-19 05:15:00-04:00,0.014895565807819366,,,
2025-07-19 05:20:00-04:00,0.014544107019901276,,,
2025-07-19 05:25:00-04:00,0.015680283308029175,,,
2025-07-19 05:30:00-04:00,0.015918400138616562,,,
2025-07-19 05:35:00-04:00,0.01523364894092083,,,
2025-07-19 05:40:00-04:00,0.01583557017147541,,,
2025-07-19 05:45:00-04:00,0.06292552500963211,,,
2025-07-19 05:50:00-04:00,0.05930956080555916,,,
2025-07-19 05:55:00-04:00,0.05871299281716347,,,
2025-07-19 20:00:00-04:00,0.06854075193405151,,,
2025-07-19 20:05:00-04:00,0.06844297796487808,,,
2025-07-19 20:10:00-04:00,0.030089158564805984,,,
2025-07-19 20:15:00-04:00,0.07065710425376892,,,
2025-07-19 20:20:00-04:00,0.03026483952999115,,,
2025-07-19 20:25:00-04:00,0.06913326680660248,,,
2025-07-19 20:30:00-04:00,0.06888746470212936,,,
2025-07-19 20:35:00-04:00,0.06815667450428009,,,
2025-07-19 20:40:00-04:00,0.028751617297530174,,,
2025-07-19 20:45:00-04:00,0.06903494894504547,,,
2025-07-19 20:50:00-04:00,0.06769394129514694,,,
2025-07-19 20:55:00-04:00,0.06438396871089935,,,
2025-07-19 21:00:00-04:00,0.02549199014902115,,,
2025-07-19 21:05:00-04:00,0.06540267169475555,,,
2025-07-19 21:10:00-04:00,0.023786205798387527,,,
2025-07-19 21:15:00-04:00,0.06809606403112411,,,
2025-07-19 21:20:00-04:00,0.06587560474872589,,,
2025-07-19 21:25:00-04:00,0.02297603338956833,,,
2025-07-19 21:30:00-04:00,0.0657849907875061,,,
2025-07-19 21:35:00-04:00,0.06556016951799393,,,
2025-07-19 21:40:00-04:00,0.06413987278938293,,,
2025-07-19 21:45:00-04:00,0.06405452638864517,,,
2025-07-19 21:50:00-04:00,0.06311129033565521,,,
2025-07-19 21:55:00-04:00,0.020807867869734764,,,
2025-07-19 22:00:00-04:00,0.0637437105178833,,,
2025-07-19 22:05:00-04:00,0.02146093361079693,,,
2025-07-19 22:10:00-04:00,0.061429403722286224,,,
2025-07-19 22:15:00-04:00,0.06274031102657318,,,
2025-07-19 22:20:00-04:00,0.02290838398039341,,,
2025-07-19 22:25:00-04:00,0.02300579845905304,,,
2025-07-19 22:30:00-04:00,0.06372098624706268,,,
2025-07-19 22:35:00-04:00,0.060466840863227844,,,
2025-07-19 22:40:00-04:00,0.02038625441491604,,,
2025-07-19 22:45:00-04:00,0.022534247487783432,,,
2025-07-19 22:50:00-04:00,0.021238520741462708,,,
2025-07-19 22:55:00-04:00,0.060537442564964294,,,
2025-07-19 23:00:00-04:00,0.022357799112796783,,,
2025-07-19 23:05:00-04:00,0.022573456168174744,,,
2025-07-19 23:10:00-04:00,0.022170886397361755,,,
2025-07-19 23:15:00-04:00,0.05873619019985199,,,
2025-07-19 23:20:00-04:00,0.05974371358752251,,,
2025-07-19 23:25:00-04:00,0.05934473127126694,,,
2025-07-19 23:30:00-04:00,0.06022181361913681,,,
2025-07-19 23:35:00-04:00,0.023142632097005844,,,
2025-07-19 23:40:00-04:00,0.023508362472057343,,,
2025-07-19 23:45:00-04:00,0.024952590465545654,,,
2025-07-19 23:50:00-04:00,0.023739799857139587,,,
2025-07-19 23:55:00-04:00,0.060665570199489594,,,
2025-07-20 00:00:00-04:00,0.061369847506284714,,,
2025-07-20 00:05:00-04:00,0.06137537211179733,,,
2025-07-20 00:10:00-04:00,0.05935368314385414,,,
2025-07-20 00:15:00-04:00,0.05933091416954994,,,
2025-07-20 00:20:00-04:00,0.021229322999715805,,,
2025-07-20 00:25:00-04:00,0.02236049249768257,,,
2025-07-20 00:30:00-04:00,0.0231727696955204,,,
2025-07-20 00:35:00-04:00,0.022788293659687042,,,
2025-07-20 00:40:00-04:00,0.060089051723480225,,,
2025-07-20 00:45:00-04:00,0.01977619342505932,,,
2025-07-20 00:50:00-04:00,0.02056322619318962,,,
2025-07-20 00:55:00-04:00,0.020083289593458176,,,
2025-07-20 01:00:00-04:00,0.018050668761134148,,,
2025-07-20 01:05:00-04:00,0.01772109419107437,,,
2025-07-20 01:10:00-04:00,0.06353174149990082,,,
2025-07-20 01:15:00-04:00,0.0171462744474411,,,
2025-07-20 01:20:00-04:00,0.0178375244140625,,,
2025-07-20 01:25:00-04:00,0.06135997548699379,,,
2025-07-20 01:30:00-04:00,0.06104558706283569,,,
2025-07-20 01:35:00-04:00,0.017613105475902557,,,
2025-07-20 01:40:00-04:00,0.060471706092357635,,,
2025-07-20 01:45:00-04:00,0.017055056989192963,,,
2025-07-20 01:50:00-04:00,0.01652071252465248,,,
2025-07-20 01:55:00-04:00,0.01628757268190384,,,
2025-07-20 02:00:00-04:00,0.06116284802556038,,,
2025-07-20 02:05:00-04:00,0.017368579283356667,,,
2025-07-20 02:10:00-04:00,0.061336949467659,,,
2025-07-20 02:15:00-04:00,0.06354822218418121,,,
2025-07-20 02:20:00-04:00,0.06322922557592392,,,
2025-07-20 02:25:00-04:00,0.06787578016519547,,,
2025-07-20 02:30:00-04:00,0.08578221499919891,,,
2025-07-20 02:35:00-04:00,0.07407763600349426,,,
2025-07-20 02:40:00-04:00,0.0729827880859375,,,
2025-07-20 02:45:00-04:00,0.07469387352466583,,,
2025-07-20 02:50:00-04:00,0.06762924045324326,,,
2025-07-20 02:55:00-04:00,0.08219441026449203,,,
2025-07-20 03:00:00-04:00,0.2373223602771759,,,
2025-07-20 03:05:00-04:00,0.5156698226928711,,,
2025-07-20 03:10:00-04:00,0.33935612440109253,,,
2025-07-20 03:15:00-04:00,0.0762825757265091,,,
2025-07-20 03:20:00-04:00,0.06150461733341217,,,
2025-07-20 03:25:00-04:00,0.01477111130952835,,,
2025-07-20 03:30:00-04:00,0.06046988070011139,,,
2025-07-20 03:35:00-04:00,0.05960356071591377,,,
2025-07-20 03:40:00-04:00,0.05877891927957535,,,
2025-07-20 03:45:00-04:00,0.01494974922388792,,,
2025-07-20 03:50:00-04:00,0.05971307307481766,,,
2025-07-20 03:55:00-04:00,0.01462305523455143,,,
2025-07-20 04:00:00-04:00,0.05889705568552017,,,
2025-07-20 04:05:00-04:00,0.016693057492375374,,,
2025-07-20 04:10:00-04:00,0.07240162044763565,,,
2025-07-20 04:15:00-04:00,0.08767034113407135,,,
2025-07-20 04:20:00-04:00,0.08494047820568085,,,
2025-07-20 04:25:00-04:00,0.06103477627038956,,,
2025-07-20 04:30:00-04:00,0.05852454528212547,,,
2025-07-20 04:35:00-04:00,0.017688676714897156,,,
2025-07-20 04:40:00-04:00,0.06439590454101562,,,
2025-07-20 04:45:00-04:00,0.0786648690700531,,,
2025-07-20 04:50:00-04:00,0.08589637279510498,,,
2025-07-20 04:55:00-04:00,0.06612996757030487,,,
2025-07-20 05:00:00-04:00,0.08063113689422607,,,
2025-07-20 05:05:00-04:00,0.10180539637804031,,,
2025-07-20 05:10:00-04:00,0.15146119892597198,,,
2025-07-20 05:15:00-04:00,0.17586085200309753,,,
2025-07-20 05:20:00-04:00,0.10790932178497314,,,
2025-07-20 05:25:00-04:00,0.11445154249668121,,,
2025-07-20 05:30:00-04:00,0.15446951985359192,,,
2025-07-20 05:35:00-04:00,0.11225876957178116,,,
2025-07-20 05:40:00-04:00,0.09466030448675156,,,
2025-07-20 05:45:00-04:00,0.21881255507469177,,,
2025-07-20 05:50:00-04:00,0.2373993694782257,,,
2025-07-20 05:55:00-04:00,0.16587397456169128,,,
2025-07-20 20:00:00-04:00,0.29209333658218384,,,
2025-07-20 20:05:00-04:00,0.1731727421283722,,,
2025-07-20 20:10:00-04:00,0.3384152054786682,,,
2025-07-20 20:15:00-04:00,0.48851466178894043,,,
2025-07-20 20:20:00-04:00,0.20210222899913788,,,
2025-07-20 20:25:00-04:00,0.07889106869697571,,,
2025-07-20 20:30:00-04:00,0.042782340198755264,,,
2025-07-20 20:35:00-04:00,0.03808625042438507,,,
2025-07-20 20:40:00-04:00,0.12430118769407272,,,
2025-07-20 20:45:00-04:00,0.09487483650445938,,,
2025-07-20 20:50:00-04:00,0.0527067556977272,,,
2025-07-20 20:55:00-04:00,0.11166902631521225,,,
2025-07-20 21:00:00-04:00,0.10055454075336456,,,
2025-07-20 21:05:00-04:00,0.028242118656635284,,,
2025-07-20 21:10:00-04:00,0.016381820663809776,,,
2025-07-20 21:15:00-04:00,0.014078625477850437,,,
2025-07-20 21:20:00-04:00,0.016778945922851562,,,
2025-07-20 21:25:00-04:00,0.04491966962814331,,,
2025-07-20 21:30:00-04:00,0.20286330580711365,,,
2025-07-20 21:35:00-04:00,0.21731141209602356,,,
2025-07-20 21:40:00-04:00,0.3375420570373535,,,
2025-07-20 21:45:00-04:00,0.48580843210220337,,,
2025-07-20 21:50:00-04:00,0.7084569334983826,,,
2025-07-20 21:55:00-04:00,0.46840745210647583,,,
2025-07-20 22:00:00-04:00,0.38996046781539917,,,
2025-07-20 22:05:00-04:00,0.2709309458732605,,,
2025-07-20 22:10:00-04:00,0.23384781181812286,,,
2025-07-20 22:15:00-04:00,0.3985935151576996,,,
2025-07-20 22:20:00-04:00,0.27132952213287354,,,
2025-07-20 22:25:00-04:00,0.6607053279876709,,,
2025-07-20 22:30:00-04:00,0.8019838333129883,,,
2025-07-20 22:35:00-04:00,0.5984011888504028,,,
2025-07-20 22:40:00-04:00,0.624051570892334,,,
2025-07-20 22:45:00-04:00,0.8018763065338135,,,
2025-07-20 22:50:00-04:00,0.5927997827529907,,,
2025-07-20 22:55:00-04:00,1.1480798721313477,,,
2025-07-20 23:00:00-04:00,0.7593991756439209,,,
2025-07-20 23:05:00-04:00,0.4949367046356201,,,
2025-07-20 23:10:00-04:00,0.449496328830719,,,
2025-07-20 23:15:00-04:00,0.40434426069259644,,,
2025-07-20 23:20:00-04:00,0.3313779830932617,,,
2025-07-20 23:25:00-04:00,0.570904016494751,,,
2025-07-20 23:30:00-04:00,0.4623863697052002,,,
2025-07-20 23:35:00-04:00,0.40987372398376465,,,
2025-07-20 23:40:00-04:00,0.445925772190094,,,
2025-07-20 23:45:00-04:00,0.7433693408966064,,,
2025-07-20 23:50:00-04:00,1.004701852798462,,,
2025-07-20 23:55:00-04:00,0.7027972340583801,,,
2025-07-21 00:00:00-04:00,0.606023907661438,,,
2025-07-21 00:05:00-04:00,0.3082157075405121,,,
2025-07-21 00:10:00-04:00,0.38310763239860535,,,
2025-07-21 00:15:00-04:00,0.5235575437545776,,,
2025-07-21 00:20:00-04:00,0.8491608500480652,,,
2025-07-21 00:25:00-04:00,0.5065840482711792,,,
2025-07-21 00:30:00-04:00,0.4150376319885254,,,
2025-07-21 00:35:00-04:00,0.4762663245201111,,,
2025-07-21 00:40:00-04:00,0.6261363625526428,,,
2025-07-21 00:45:00-04:00,0.6155317425727844,,,
2025-07-21 00:50:00-04:00,0.6115150451660156,,,
2025-07-21 00:55:00-04:00,0.7583858966827393,,,
2025-07-21 01:00:00-04:00,0.6184638142585754,,,
2025-07-21 01:05:00-04:00,0.6562362909317017,,,
2025-07-21 01:10:00-04:00,1.2459603548049927,,,
2025-07-21 01:15:00-04:00,1.740890383720398,,,
2025-07-21 01:20:00-04:00,1.4583765268325806,,,
2025-07-21 01:25:00-04:00,0.7265441417694092,,,
2025-07-21 01:30:00-04:00,0.7316277027130127,,,
2025-07-21 01:35:00-04:00,0.787537693977356,,,
2025-07-21 01:40:00-04:00,0.5771194100379944,,,
2025-07-21 01:45:00-04:00,1.0248268842697144,,,
2025-07-21 01:50:00-04:00,2.0340542793273926,,,
2025-07-21 01:55:00-04:00,2.285932779312134,,,
2025-07-21 02:00:00-04:00,1.898244857788086,,,
2025-07-21 02:05:00-04:00,1.755645513534546,,,
2025-07-21 02:10:00-04:00,1.0583127737045288,,,
2025-07-21 02:15:00-04:00,1.4240901470184326,,,
2025-07-21 02:20:00-04:00,1.6060705184936523,,,
2025-07-21 02:25:00-04:00,2.318873643875122,,,
2025-07-21 02:30:00-04:00,1.2270762920379639,,,
2025-07-21 02:35:00-04:00,1.0851377248764038,,,
2025-07-21 02:40:00-04:00,0.8804935216903687,,,
2025-07-21 02:45:00-04:00,0.8540134429931641,,,
2025-07-21 02:50:00-04:00,1.534919261932373,,,
2025-07-21 02:55:00-04:00,0.8330907821655273,,,
2025-07-21 03:00:00-04:00,0.8579902648925781,,,
2025-07-21 03:05:00-04:00,1.098388433456421,,,
2025-07-21 03:10:00-04:00,0.7783373594284058,,,
2025-07-21 03:15:00-04:00,1.1931967735290527,,,
2025-07-21 03:20:00-04:00,1.2935736179351807,,,
2025-07-21 03:25:00-04:00,0.9314440488815308,,,
2025-07-21 03:30:00-04:00,1.0742355585098267,,,
2025-07-21 03:35:00-04:00,1.717559576034546,,,
2025-07-21 03:40:00-04:00,1.55621337890625,,,
2025-07-21 03:45:00-04:00,1.7861489057540894,,,
2025-07-21 03:50:00-04:00,1.7298270463943481,,,
2025-07-21 03:55:00-04:00,1.2504420280456543,,,
2025-07-21 04:00:00-04:00,0.9302396774291992,,,
2025-07-21 04:05:00-04:00,0.9076788425445557,,,
2025-07-21 04:10:00-04:00,1.2236026525497437,,,
2025-07-21 04:15:00-04:00,1.1151572465896606,,,
2025-07-21 04:20:00-04:00,0.9393165111541748,,,
2025-07-21 04:25:00-04:00,0.8459534645080566,,,
2025-07-21 04:30:00-04:00,0.9903419017791748,,,
2025-07-21 04:35:00-04:00,1.4833555221557617,,,
2025-07-21 04:40:00-04:00,0.8580594062805176,,,
2025-07-21 04:45:00-04:00,0.829798698425293,,,
2025-07-21 04:50:00-04:00,0.8348715305328369,,,
2025-07-21 04:55:00-04:00,1.1268057823181152,,,
2025-07-21 05:00:00-04:00,1.022812843322754,,,
2025-07-21 05:05:00-04:00,1.6460400819778442,,,
2025-07-21 05:10:00-04:00,1.6017975807189941,,,
2025-07-21 05:15:00-04:00,1.9435652494430542,,,
2025-07-21 05:20:00-04:00,1.8279680013656616,,,
2025-07-21 05:25:00-04:00,1.585836410522461,,,
2025-07-21 05:30:00-04:00,1.4596481323242188,,,
2025-07-21 05:35:00-04:00,1.1393818855285645,,,
2025-07-21 05:40:00-04:00,1.9040412902832031,,,
2025-07-21 05:45:00-04:00,1.1674883365631104,,,
2025-07-21 05:50:00-04:00,0.4674288332462311,,,
2025-07-21 05:55:00-04:00,0.4702002704143524,,,
